[
  {
    "Rank": "1181",
    "Name": "Legend of the Galactic Heroes: Die Neue These",
    "Japanese_name": " Ginga Eiyuu Densetsu: Die Neue These - Kaikou",
    "Type": "TV   ",
    "Episodes": "12.0",
    "Studio": "Production I.G",
    "Release_season": "Spring",
    "Tags": "Drama, Sci Fi, Military, Outer Space, Political, Space Opera, War, Based on a Novel, Violence",
    "Rating": "3.93",
    "Release_year": "2018.0",
    "Description": "\u0027Thousands of years later, humanity has advanced into space. Here it has divided into two countries with two different forms of government: the autocracy of the Galactic Empire, and the democracy of the Free Planets Alliance. These two countries have been at war for 150 years. Near the end of the 8th age of the space calendar, the appearance of two geniuses will change history forever. The unstoppable genius, Reinhard von Lohengramm, and the unbeatable magician, Yang Wen-li. As heads of the Imperial and Alliance armies respectively, the two will face each other in battle over and over again.\u0027",
    "Content_Warning": "Violence",
    "Related_Mange": "Legend of the Galactic Heroes (Novel), Legend of the Galactic Heroes, Legend of the Galactic Heroes (Ryu FUJISAKI)",
    "Related_anime": "Legend of the Galactic Heroes, Legend of the Galactic Heroes: Die Neue These Second 1",
    "Voice_actors": "Reinhard Von Lohengramm : Mamoru Miyano, Wen-Li Yang : Kenichi Suzumura, Siegfried Kircheis : Yuuichirou Umehara, Adalbert Von Fahrenheit : Ryouta Takeuchi, Alex Cazerne : Tokuyoshi Kawashima, Ehrenberg : Shozo Iizuka, Erlache : Naomi Kusumi, Fogel : Takahiro Fujiwara, Shunsuke Tada\nDirector, Yasuhisa Inoue\nMusic, Sin\nMusic, Youko Kikuchi\nCharacter Design, Kei Tsushima\nCharacter Design, Iwao Teraoka\nCharacter Design, Hidemasa Tasaka\nProducer, Itsurou Kawasaki\nStoryboard",
    "staff": "Shunsuke Tada : Director, Yasuhisa Inoue : Music, Sin : Music, Youko Kikuchi : Character Design, Kei Tsushima : Character Design, Iwao Teraoka : Character Design, Hidemasa Tasaka : Producer, Itsurou Kawasaki : Storyboard"
  },
  {
    "Rank": "125",
    "Name": "Moriarty the Patriot 2nd Season",
    "Japanese_name": " Yuukoku no Moriarty 2nd Season",
    "Type": "TV   ",
    "Episodes": "13.0",
    "Studio": "Production I.G",
    "Release_season": "Spring",
    "Tags": "Mystery, Shounen, 19th Century, Detectives, England, Europe, Historical, Sherlock Holmes, Based on a Manga, Violence",
    "Rating": "4.32",
    "Release_year": "2021.0",
    "Description": "\u0027Second season of Moriarty the Patriot.\u0027",
    "Content_Warning": "Violence",
    "Related_Mange": "Moriarty the Patriot",
    "Related_anime": "Moriarty the Patriot OVA, Moriarty the Patriot",
    "Voice_actors": "Sherlock Holmes : Makoto Furukawa, William James Moriarty : Soma Saito, Albert James Moriarty : Takuya Satou, Charles Augustus Milverton : Kenji Nojima, Fred Porlock : Yuuto Uemura, Irene Adler : Youko Hikasa, John H Watson : Yuuki Ono, Louis James Moriarty : Chiaki Kobayashi, Ryosuke Takeuchi\nOriginal Creator, Hikaru Miyoshi\nOriginal Creator, Kazuya Nomura\nDirector \u0026 Episode Director \u0026 Storyboard, Taku Kishimoto\nScreenplay \u0026 Series Composition, Asami Tachibana\nMusic, Tooru Ookubo\nCharacter Design \u0026 Chief Animation Director, Kouji Tanaka\nPhotography Director, Ayaka Takahashi\nPhotography Director",
    "staff": "Ryosuke Takeuchi : Original Creator, Hikaru Miyoshi : Original Creator, Kazuya Nomura : Director \u0026 Episode Director \u0026 Storyboard, Taku Kishimoto : Screenplay \u0026 Series Composition, Asami Tachibana : Music, Tooru Ookubo : Character Design \u0026 Chief Animation Director, Kouji Tanaka : Photography Director, Ayaka Takahashi : Photography Director"
  },
  {
    "Rank": "1509",
    "Name": "Sengoku Basara: Samurai Kings 2",
    "Japanese_name": " Sengoku Basara Ni",
    "Type": "TV   ",
    "Episodes": "12.0",
    "Studio": "Production I.G",
    "Release_season": "Summer",
    "Tags": "Action, 16th Century, Feudal Japan, Historical, Samurai, Swordplay, Based on a Video Game, Violence",
    "Rating": "3.86",
    "Release_year": "2010.0",
    "Description": "\u0027In the bloody Warring States period of feudal Japan, many generals fought in an endless struggle for power, but one man proved to be too big a threat - The dark lord Oda Nobunaga. Sanada Yukimura and Date Masamune, two young warriors from different regions who become heated rivals, begin to form an unlikely alliance with the rest of the generals to take down the Devil King.\u0027",
    "Content_Warning": "Violence",
    "Related_Mange": "Sengoku Basara 2, Devil Kings Basara, Gakuen Basara, Sengoku Basara 3 - Roar of Dragon",
    "Related_anime": "Sengoku Basara: Samurai Kings, Mini Sengoku Basara Two: Tsukiyo no Katakura-kun, Sengoku Basara: Samurai Kings 2 - Dragon and Tiger -- Oath of Victory! Souls Racing Towards a Blazing Future!!, Sengoku Basara: Samurai Kings Movie - The Last Party, Sengoku Basara: End of Judgement",
    "Voice_actors": "Keiji Maeda : Masakazu Morita, Masamune Date : Kazuya Nakai, Yukimura Sanada : Souichirou Hoshi, Hanbei Takenaka : Akira Ishida, Hideyoshi Toyotomi : Ryotaro Okiayu, Kasuga : Natsuko Kuwatani, Kenshin Uesugi : Romi Park, Kojuurou Katakura : Toshiyuki Morikawa, Kazuya Nomura\nDirector, Hiroyuki Sawano\nMusic, Tooru Ookubo\nCharacter Design, Yoshikazu Iwanami\nSound Director, George Wada\nProducer, Toshihiro Maeda\nProducer, Tetsuya Kinoshita\nProducer, Keiichi Nozaki\nProducer",
    "staff": "Kazuya Nomura : Director, Hiroyuki Sawano : Music, Tooru Ookubo : Character Design, Yoshikazu Iwanami : Sound Director, George Wada : Producer, Toshihiro Maeda : Producer, Tetsuya Kinoshita : Producer, Keiichi Nozaki : Producer"
  }
]