[
  {
    "Rank": "1238",
    "Name": "Baki: The Great Raitai Tournament Saga",
    "Japanese_name": " Baki: Dai Raitaisai-hen",
    "Type": "Web  ",
    "Episodes": "13.0",
    "Studio": "TMS Entertainment",
    "Release_season": "Spring",
    "Tags": "Action, Shounen, Sports, Hand to Hand Combat, Martial Arts, Tournaments, Based on a Manga, Explicit Violence",
    "Rating": "3.92",
    "Release_year": "2020.0",
    "Description": "\u0027Granted special entry into the Great Raitai Tournament, a poisoned Baki now faces fighters in China, where the next true Sea Emperor will be chosen.\u0027",
    "Content_Warning": "Explicit Violence",
    "Related_Mange": "Baki: Revenge Tokyo",
    "Related_anime": "Baki, Baki: Son of Ogre",
    "Voice_actors": "Baki Hanma : Nobunaga Shimazaki, Kozue Matsumoto : Sora Amamiya, Mohammad Alai Jr. : Souichirou Hoshi, Chin : Xander Mobus, Doppo Orochi : Takayuki Sugou, Dorian Kaioh : Banjou Ginga, Gouki Shibukawa : Bin Shimada, Han : Satoshi Taki, Keisuke Itagaki\nOriginal Creator, Toshihiro Hirano\nDirector, Kenji Fujisawa\nMusic, Fujio Suzuki\nCharacter Design, Shingo Ishikawa\nCharacter Design",
    "staff": "Keisuke Itagaki : Original Creator, Toshihiro Hirano : Director, Kenji Fujisawa : Music, Fujio Suzuki : Character Design, Shingo Ishikawa : Character Design"
  },
  {
    "Rank": "7436",
    "Name": "Kakutou Bijin Wulong Rebirth",
    "Japanese_name": " Fighting Beauty Wulong Rebirth",
    "Type": "TV   ",
    "Episodes": "25.0",
    "Studio": "TMS Entertainment",
    "Release_season": "Spring",
    "Tags": "Action, Ecchi, Seinen, Martial Arts, Based on a Manga, Mature Themes",
    "Rating": "3.37",
    "Release_year": "2006.0",
    "Description": "\u0027After winning the Prime Mat martial arts tournament, Mao Lan is determined to live as a normal high school girl; but as always, trials and tribulations stand in her way. She�s tasked with training three new recruits who have a harrowed and painful past, and is often caught in the middle of their grudge-induced fights. In addition to school and normal school girl activities, Mao Lan is also considering entering the newest Prime Mat tournament. Can she once more fight her way to glory?\u0027",
    "Content_Warning": "Mature Themes",
    "Related_Mange": "Kakutou Bijin Wulong",
    "Related_anime": "Kakutou Bijin Wulong",
    "Voice_actors": "Mao Ran : Wakana Yamazaki, Mao Hung : Takeshi Aono, Masao Oba : Shuuhei Sakaguchi, Rin Shen Cao : Risa Hayamizu, Chun Yan Cao : Junko Minagawa, Yugo Ishikawa\nOriginal Creator, Yoshio Suzuki\nDirector, Daisuke Ikeda\nMusic, Yuuko Iwasa\nCharacter Design",
    "staff": "Yugo Ishikawa : Original Creator, Yoshio Suzuki : Director, Daisuke Ikeda : Music, Yuuko Iwasa : Character Design"
  },
  {
    "Rank": "778",
    "Name": "D.Gray-man",
    "Japanese_name": " D. Gray-man",
    "Type": "TV   ",
    "Episodes": "103.0",
    "Studio": "TMS Entertainment",
    "Release_season": "Fall ",
    "Tags": "Action, Adventure, Shounen, Afterlife, Demons, Europe, Exorcists, Supernatural, Superpowers, Based on a Manga, Animal Abuse,, Mature Themes,, Violence",
    "Rating": "4.03",
    "Release_year": "2006.0",
    "Description": "\u0027An akuma is a soul which has been brought back to life through sadness and despair with the powers of Millenium Earl. Their mission is to terrorize the earth and all who dwell within it. The Black Order is a group of Exorcists that have sworn to cleanse the souls of the akuma, and collect the substance known as \"innocence\". This powerful substance can be used as an anti-akuma weapon, and ultimately can help destroy the evil Millenium Earl. Allen Walker is a young Exorcist who has the ability to tell who is human and who is an akuma with the help of his cursed eye. Together with the Black Order, Allen must find all 109 pieces of innocence to protect the world and defeat Earl.\u0027",
    "Content_Warning": "Animal Abuse,, Mature Themes,, Violence",
    "Related_Mange": "Zone, D.Gray-Man, D.Gray-Man Reverse (Light Novel)",
    "Related_anime": "D.Gray-man Hallow",
    "Voice_actors": "Allen Walker : Sanae Kobayashi, Lavi : Kenichi Suzumura, Lenalee Lee : Shizuka Itou, Millennium Earl : Junpei Takiguchi, Yu Kanda : Takahiro Sakurai, Arystar Krory : Mitsuo Iwata, Bak Chang : Shinichirou Miki, Bookman : Takeshi Aono, Katsura Hoshino\nOriginal Creator, Osamu Nabeshima\nDirector, Kaoru Wada\nMusic, Hideyuki Morioka\nCharacter Design, Fukashi Azuma\nProducer, Akiyo Oguma\nProducer, Yokai Tazuki\nProducer, Mitsuyo Chitai\nProducer",
    "staff": "Katsura Hoshino : Original Creator, Osamu Nabeshima : Director, Kaoru Wada : Music, Hideyuki Morioka : Character Design, Fukashi Azuma : Producer, Akiyo Oguma : Producer, Yokai Tazuki : Producer, Mitsuyo Chitai : Producer"
  },
  {
    "Rank": "11054",
    "Name": "The Devil Lady",
    "Japanese_name": " Devilman Lady",
    "Type": "TV   ",
    "Episodes": "26.0",
    "Studio": "TMS Entertainment",
    "Release_season": "Fall ",
    "Tags": "Action, Seinen, Demons, Based on a Manga, Explicit Violence",
    "Rating": "3.16",
    "Release_year": "1998.0",
    "Description": "Ms. Jun Fudo used to be nothing more than a successful model, until fate intervened and thrust her unwillingly into the role of the Devil Lady. Once transformed, Jun becomes a murderous beast who destroys anyone (or anything) that opposes her; a power that the mysterious Asuka Ran wants to harness and use for an unknown purpose. With similar beasts emerging across the city and the body count piling, can Jun survive long enough to discover the truth behind her kin, and keep her human soul in control?",
    "Content_Warning": "Explicit Violence",
    "Related_Mange": "Devilman, Shin Devilman, Devil Lady, Amon: Devilman Mokushiroku, Neo Devilman, Dynamic Superobot Wars: Super Robot Retsuden, Devilman Mokushiroku: Strange Days, Akuma Kishi, Devilman Grimoire, Cutie Honey Tai Devilman Lady, Devilman Saga, Cyborg 009 VS Devilman: Breakdown",
    "Related_anime": "Devilman, Mazinger Z, Devilman: The Birth, Devilman: The Demon Bird, Amon: Apocalypse of Devilman, Cyborg 009: The Cyborg Soldier, Devilman: Crybaby",
    "Voice_actors": "Jun Fudou : Junko Iwao, Jason Bates : Ryuusei Nakao, Katsumi Seta : Kazunori Ishizuka, Kazumi Takiura : Kazusa Murai, Kiyoshi Maeda : Takumi Yamazaki, Lan Asuka : Kaoru Shimamura, Masayoshi Yamazaki : Moichi Saito, Satoru : Mami Koyama, Go Nagai\nOriginal Creator, Toshihiro Hirano\nDirector, Chiaki J. Konaka\nScreenplay \u0026 Series Composition, Toshiyuki Watanabe\nMusic, Shinobu Nishioka\nCharacter Design, Hirofumi Morotomi\nProducer, Hiroki Horio\nProducer, Yasumichi Ozaki\nProducer",
    "staff": "Go Nagai : Original Creator, Toshihiro Hirano : Director, Chiaki J. Konaka : Screenplay \u0026 Series Composition, Toshiyuki Watanabe : Music, Shinobu Nishioka : Character Design, Hirofumi Morotomi : Producer, Hiroki Horio : Producer, Yasumichi Ozaki : Producer"
  }
]