[
  {
    "Rank": "4014",
    "Name": "Tetsujin 28-gou (2004)",
    "Japanese_name": " Gigantor (2004)",
    "Type": "TV   ",
    "Episodes": "26.0",
    "Studio": "Palm Studio",
    "Release_season": "Spring",
    "Tags": "Action, Mecha, Sci Fi, Shounen, Super Robot, Based on a Manga, Violence",
    "Rating": "3.58",
    "Release_year": "2004.0",
    "Description": "\"The journey begins when Professor Kaneda creates the ultimate soldier robot, Tetsujin, as a substitute for his son, Shotaro, whom he mistakenly believed died in a bomb raid on Tokyo during World War II. To prevent the army from using Tetsujin as a tool for destruction, the professor hides the robot on a remote island. Ten years after the war, Tetsujin is finally resurrected after 28 attempts made by the late Kaneda\u0027s protege, Professor Shikishima. Meanwhile, Shotaro has grown up to become a detective and now joins forces with his beloved Tetsujin to wage a courageous battle against evil!\"",
    "Content_Warning": "Violence",
    "Related_Mange": "Tetsujin 28-Gou, Tetsujin",
    "Related_anime": "Tetsujin 28-gou, Tetsujin 28-gou (1980), Tetsujin 28-gou FX, Tetsujin 28: Morning Moon of Midday, Tetsujin 28-gou Gao!",
    "Voice_actors": "Chief Otsuka, Shotaro Kaneda, Chief Chloroform, Chief Secretary, Dr. Bigfire : Tadashi Nakamura, Kenji Murasame, Man In Black, Miss Takamizawa, Mitsuteru Yokoyama\nOriginal Creator, Yasuhiro Imagawa\nDirector \u0026 Series Composition, Akira Senju\nMusic, Takashi Nakamura\nCharacter Design, Wataru Tanaka\nProducer, Kazuaki Morijiri\nProducer, Yousuke Goroumaru\nProducer, Tomio Yamauchi\nEpisode Director",
    "staff": "Mitsuteru Yokoyama : Original Creator, Yasuhiro Imagawa : Director \u0026 Series Composition, Akira Senju : Music, Takashi Nakamura : Character Design, Wataru Tanaka : Producer, Kazuaki Morijiri : Producer, Yousuke Goroumaru : Producer, Tomio Yamauchi : Episode Director"
  },
  {
    "Rank": "7915",
    "Name": "Android Kikaider",
    "Japanese_name": "Alt titles: Jinzou Ningen Kikaider the Animation, Kikaider",
    "Type": "TV   ",
    "Episodes": "13.0",
    "Studio": "Studio OX",
    "Release_season": "Fall ",
    "Tags": "Sci Fi, Shounen, Androids, Cyborgs, Non-Human Protagonists, Robots, Tokusatsu, Based on a Manga, Violence",
    "Rating": "3.35",
    "Release_year": "2000.0",
    "Description": "\"After a terrible accident occurred at the lab, Professor Komyouji vanished - and with him, the hopes for completing his most recent creation: Jiro, a robot with a malfunctioning conscience circuit. With no memory of who he is or what is his purpose, Jiro is mentally lost; his saving grace is the Professor\u0027s daughter, Mitsuko, who - though afraid of Jiro - pledges to help him either repair his circuit or destroy him if his emotions become out of control. Unfortunately for Jiro, there is a far more sinister danger at hand: Professor Gill and the evil organization Dark are sending countless robots to destroy him, forcing Jiro to transform into his full cyborg self, Kikaider. With the help of Mitsuko, Jiro must ward off the forces of Dark while trying to discover what it means to be human...\"",
    "Content_Warning": "Violence",
    "Related_Mange": "Kikaider, Inazuman, Kikaider Code 02",
    "Related_anime": "Kikaider-01: The Animation, Guitar wo Motta Shounen: Kikaider vs. Inazuman",
    "Voice_actors": "Jiro : Tomokazu Seki, Gill Herbert : Shinji Ogawa, Golden Bat : Norio Wakamoto, Ichiro Komyoji : Yuusuke Itou, Mitsuko Komyoji : Yui Horie, Nobuhiko Komyoji : Shozo Iizuka, Saburo : Juurouta Kosugi, Shotaro Ishinomori\nOriginal Creator, Tensai Okamura\nDirector, Akira Mitake\nMusic, Naoyuki Konno\nCharacter Design, Atsuhiro Iwakami\nProducer, Kenji Yasuda\nEpisode Director \u0026 Storyboard, Masashi Sogo\nScreenplay, Jou Tanaka\nAnimation Director",
    "staff": "Shotaro Ishinomori : Original Creator, Tensai Okamura : Director, Akira Mitake : Music, Naoyuki Konno : Character Design, Atsuhiro Iwakami : Producer, Kenji Yasuda : Episode Director \u0026 Storyboard, Masashi Sogo : Screenplay, Jou Tanaka : Animation Director"
  }
]