[
  {
    "Rank": "1506",
    "Name": "Angels of Death (Web)",
    "Japanese_name": " Satsuriku no Tenshi (Web)",
    "Type": "Web  ",
    "Episodes": "4.0",
    "Studio": "J.C.Staff",
    "Release_season": "Fall ",
    "Tags": "Action, Drama, Horror, Mystery, Criminals, Orphans, Psychological, Serial Killers, Thriller, Based on a Video Game, Emotional Abuse,, Mature Themes,, Physical Abuse",
    "Rating": "3.87",
    "Release_year": "2018.0",
    "Description": "\u0027Episodes 13-16\\xa0of Angels of Death.\u0027",
    "Content_Warning": "Emotional Abuse,, Mature Themes,, Physical Abuse",
    "Related_Mange": "Angels of Death, Angels of Death (Light Novel), Satsuten!, Angels of Death: Episode.0",
    "Related_anime": "Angels of Death",
    "Voice_actors": "Rachel Gardner : Haruka Chisuga, Zack : Nobuhiko Okamoto, Danny : Takahiro Sakurai, Gray : Houchuu Ootsuka, Rachel\u0027S Father : Ian Sinclair, Rachel\u0027S Mother : Monica Rial, Kentarou Suzuki\nDirector, Noisycroak\nMusic, Miki Matsumoto\nCharacter Design, Michihisa Abe\nProducer, Kozue Kaneniwa\nProducer, Mitsuhiro Ogata\nProducer, Terushige Yoshie\nProducer, Noritomo Isogai\nProducer",
    "staff": "Kentarou Suzuki : Director, Noisycroak : Music, Miki Matsumoto : Character Design, Michihisa Abe : Producer, Kozue Kaneniwa : Producer, Mitsuhiro Ogata : Producer, Terushige Yoshie : Producer, Noritomo Isogai : Producer"
  },
  {
    "Rank": "2483",
    "Name": "Angels of Death",
    "Japanese_name": " Satsuriku no Tenshi",
    "Type": "TV   ",
    "Episodes": "12.0",
    "Studio": "J.C.Staff",
    "Release_season": "Summer",
    "Tags": "Action, Drama, Horror, Mystery, Criminals, Orphans, Psychological, Serial Killers, Thriller, Based on a Video Game, Mature Themes,, Violence",
    "Rating": "3.73",
    "Release_year": "2018.0",
    "Description": "\u0027Most girls that wake up in the home of a serial killer would panic, but not Ray. In fact, her meeting with the killer Zack is actually quite convenient because her only wish is to find a good way to die.\u0027",
    "Content_Warning": "Mature Themes,, Violence",
    "Related_Mange": "Angels of Death, Angels of Death (Light Novel), Satsuten!, Angels of Death: Episode.0",
    "Related_anime": "Angels of Death (Web)",
    "Voice_actors": "Rachel Gardner : Haruka Chisuga, Zack : Nobuhiko Okamoto, Cathy : Mariya Ise, Danny : Takahiro Sakurai, Eddie : Natsumi Fujiwara, Gray : Houchuu Ootsuka, Female Delinquent : Ayano Hamaguchi, Female Driver : Riho Sugiyama, Kentarou Suzuki\nDirector, Noisycroak\nMusic, Miki Matsumoto\nCharacter Design, Yoshikazu Iwanami\nSound Director, Michihisa Abe\nProducer, Kozue Kaneniwa\nProducer, Mitsuhiro Ogata\nProducer, Terushige Yoshie\nProducer",
    "staff": "Kentarou Suzuki : Director, Noisycroak : Music, Miki Matsumoto : Character Design, Yoshikazu Iwanami : Sound Director, Michihisa Abe : Producer, Kozue Kaneniwa : Producer, Mitsuhiro Ogata : Producer, Terushige Yoshie : Producer"
  },
  {
    "Rank": "1833",
    "Name": "Prison School",
    "Japanese_name": " Kangoku Gakuen",
    "Type": "TV   ",
    "Episodes": "12.0",
    "Studio": "J.C.Staff",
    "Release_season": "Summer",
    "Tags": "Comedy, Ecchi, Seinen, Fetish, Newly Co-ed School, Prison, School Life, Based on a Manga, Violence",
    "Rating": "3.81",
    "Release_year": "2015.0",
    "Description": "\"Hachimitsu Private Academy is anything but typical. With a female to male ratio of 200 to 1, the academy\u0027s five male students think they\u0027re in heaven � when really, they\u0027re about to enter hell! For after peeping on some of the busty, nubile ladies in the locker room, the gang is apprehended by the sadistic members of the Underground Student Council � a group determined to punish those who take part in illicit relationships on campus. Their punishment? To spend a month in prison on the school grounds, subject to the cruel whims of the club members! Now, the boys must pass the days performing mundane tasks and getting beaten by the dominatrix Meiko, all the while trying to view as many breasts and panties as possible!\"",
    "Content_Warning": "Violence",
    "Related_Mange": "Prison School, Anime Prison School wo Tsukutta Otoko-tachi, Shadow Student Council Vice President Gives Her All",
    "Related_anime": "Prison School OVA",
    "Voice_actors": "Jouji Nezu : Daisuke Namikawa, Kiyoshi Fujino : Hiroshi Kamiya, Reiji Andou : Kazuyuki Okitsu, Shingo Wakamoto : Kenichi Suzumura, Takehito Morokuzu : Katsuyuki Konishi, Chiyo Kurihara : Chinami Hashimoto, Hana Midorikawa : Kana Hanazawa, Mari Kurihara : Sayaka Oohara, Akira Hiramoto\nOriginal Creator, Tsutomu Mizushima\nDirector, Kotaro Nakagawa\nMusic, Junichirou Taniguchi\nCharacter Design, Takurou Hatakeyama\nProducer, Jun Fukuda\nProducer, Kensuke Tateishi\nProducer, Youhei Hayashi\nProducer",
    "staff": "Akira Hiramoto : Original Creator, Tsutomu Mizushima : Director, Kotaro Nakagawa : Music, Junichirou Taniguchi : Character Design, Takurou Hatakeyama : Producer, Jun Fukuda : Producer, Kensuke Tateishi : Producer, Youhei Hayashi : Producer"
  },
  {
    "Rank": "1898",
    "Name": "Revolutionary Girl Utena",
    "Japanese_name": " Shoujo Kakumei Utena",
    "Type": "TV   ",
    "Episodes": "39.0",
    "Studio": "J.C.Staff",
    "Release_season": "Spring",
    "Tags": "Drama, Fantasy, Boarding School, Conspiracy, Contemporary Fantasy, Deal with the Devil, LGBT Themes, Mind Games, Orphans, Psychological, School Life, Student Council, Swordplay, Original Work, Animal Abuse,, Bullying,, Mature Themes,, Physical Abuse",
    "Rating": "3.8",
    "Release_year": "1997.0",
    "Description": "\"When Utena Tenjou was very little her parents died, and a prince comforted her in her time of loss, giving her a ring with a rose seal. He so impressed her that she decided to become a prince herself one day. Now, Utena is a teenager at Ohtori Academy who\u0027s athletic and notorious for dressing in a boy\u0027s uniform. When a member of the Student Council humiliates a friend of hers Utena challenges him to a duel, and he accepts only when he sees she possesses a rose seal ring. She soon discovers that this is no normal duel - it\u0027s a bizarre and ritualistic battle that the Student Council regularly conducts. In fact when she wins, Utena finds to her considerable chagrin that she gets to have Anthy Himemiya, a rather docile student, as her \u0027Rose Bride\u0027. If she wants to keep Anthy she\u0027ll have to win more duels against members of the Student Council and others. What is the ultimate purpose of these duels and Anthy\u0027s role as the Rose Bride?\"",
    "Content_Warning": "Animal Abuse,, Bullying,, Mature Themes,, Physical Abuse",
    "Related_Mange": "Revolutionary Girl Utena, Revolutionary Girl Utena: The Adolescence of Utena, Revolutionary Girl Utena: After the Revolution",
    "Related_anime": "Revolutionary Girl Utena: The Adolescence of Utena",
    "Voice_actors": "Anthy Himemiya : Yuriko Fuchizaki, Utena Tenjou : Tomoko Kawakami, Akio Ohtori : Juurouta Kosugi, Juri Arisugawa : Kotono Mitsuishi, Kyouichi Saionji : Takeshi Kusao, Miki Kaoru : Aya Hisakawa, Nanami Kiryuu : Yuri Shiratori, Souji Mikage : Hikaru Midorikawa, Kunihiko Ikuhara\nDirector \u0026 Original Concept \u0026 Storyboard, Shingo Kaneko\nAssistant Director \u0026 Episode Director \u0026 Storyboard, Shinkichi Mitsumune\nMusic, J. A. Seazer\nMusic, Shinya Hasegawa\nCharacter Design, Shichirou Kobayashi\nArt Director, Shinichi Ikeda\nProducer, Noriko Kobayashi\nProducer",
    "staff": "Kunihiko Ikuhara : Director \u0026 Original Concept \u0026 Storyboard, Shingo Kaneko : Assistant Director \u0026 Episode Director \u0026 Storyboard, Shinkichi Mitsumune : Music, J. A. Seazer : Music, Shinya Hasegawa : Character Design, Shichirou Kobayashi : Art Director, Shinichi Ikeda : Producer, Noriko Kobayashi : Producer"
  }
]