[
  {
    "Rank": "6391",
    "Name": "My Wife is the Student Council President+!",
    "Japanese_name": " Okusama ga Seito Kaichou! Plus!",
    "Type": "TV   ",
    "Episodes": "12.0",
    "Studio": "Seven",
    "Release_season": "Fall ",
    "Tags": "Comedy, Ecchi, Romance, Shounen, Cohabitation, School Life, Short Episodes, Student Council, Sudden Girlfriend Appearance, Based on a Manga, Nudity,, Sexual Content",
    "Rating": "3.43",
    "Release_year": "2016.0",
    "Description": "\u0027The secret romantic relationship between Hayato Izumi and Ui Wakana has become more \"exciting\" with Honoka Saijou, chair of the photography club, starting stalking Wakana for possible scoops.\u0027",
    "Content_Warning": "Nudity,, Sexual Content",
    "Related_Mange": "Okusama ga Seito Kaichou!",
    "Related_anime": "My Wife Is the Student Council President!, My Wife Is the Student Council President! Okusama Gekijou, My Wife Is the Student Council President! OVA, My Wife Is the Student Council President! OVA: Okusama Gekijou",
    "Voice_actors": "Hayato Izumi : Kazuyuki Okitsu, Ui Wakana : Ayana Taketatsu, Ayane Niikura : Aoi Fujimoto, Honoka Saijou : Sora Tokui, Karen Fujisaki : Yoshie Sugiyama, Mato Sawatari : Juri Nagatsuma, Rin Misumi : Minami Tsuda, Kei Misumi : Ryouko Shiraishi, Yumi Nakata\nOriginal Creator, Hiroyuki Furukawa\nDirector \u0026 Character Design, Fuuga Hatori\nMusic",
    "staff": "Yumi Nakata : Original Creator, Hiroyuki Furukawa : Director \u0026 Character Design, Fuuga Hatori : Music"
  },
  {
    "Rank": "8183",
    "Name": "My Wife Is the Student Council President!",
    "Japanese_name": " Okusama ga Seito Kaichou!",
    "Type": "TV   ",
    "Episodes": "12.0",
    "Studio": "Seven",
    "Release_season": "Summer",
    "Tags": "Comedy, Ecchi, Romance, Shounen, Cohabitation, School Life, Short Episodes, Student Council, Sudden Girlfriend Appearance, Based on a Manga, Nudity,, Sexual Content",
    "Rating": "3.33",
    "Release_year": "2015.0",
    "Description": "\u0027High school freshman Hayato Izumi lost the campaign for student council president to Ui Wakana, a girl who shocked the entire student body by promising \"will remove all restrictions on campus romance\" and gave away free condoms. Later that day Wakana the president-elect brought her belongings to Izumi\\\u0027s residence and claimed herself his betrothed fianc�e.\u0027",
    "Content_Warning": "Nudity,, Sexual Content",
    "Related_Mange": "Okusama ga Seito Kaichou!",
    "Related_anime": "My Wife Is the Student Council President! Okusama Gekijou, My Wife Is the Student Council President! OVA, My Wife Is the Student Council President! OVA: Okusama Gekijou, My Wife is the Student Council President+!",
    "Voice_actors": "Hayato Izumi : Kazuyuki Okitsu, Ui Wakana : Ayana Taketatsu, Ayane Niikura : Aoi Fujimoto, Karen Fujisaki : Yoshie Sugiyama, Mato Sawatari : Juri Nagatsuma, Misato Wakana : Tomoko Kaneda, Rin Misumi : Minami Tsuda, Hayato\u0027S Father : Kazumichi Yamaguchi, Yumi Nakata\nOriginal Creator, Hiroyuki Furukawa\nDirector \u0026 Character Design, Asuka Yamazaki\nProducer, Gorou Shinjuku\nProducer, Taku Horie\nProducer, Hideyuki Saida\nProducer",
    "staff": "Yumi Nakata : Original Creator, Hiroyuki Furukawa : Director \u0026 Character Design, Asuka Yamazaki : Producer, Gorou Shinjuku : Producer, Taku Horie : Producer, Hideyuki Saida : Producer"
  },
  {
    "Rank": "14425",
    "Name": "Battle Athletes Victory ReSTART!",
    "Japanese_name": " Battle Athletes Daiundoukai ReSTART!",
    "Type": "TV   ",
    "Episodes": "12.0",
    "Studio": "Seven",
    "Release_season": "Spring",
    "Tags": "Sci Fi, Sports, All-Girls School, Blackmail, Boarding School, Outer Space, Terrorism, Tournaments, Emotional Abuse,, Mature Themes,, Physical Abuse,, Suicide",
    "Rating": "2.74",
    "Release_year": "2021.0",
    "Description": "In the year 5100, elite athletes from around the solar system compete to become Cosmic Beauty, the champion of a huge athletic tournament.",
    "Content_Warning": "Emotional Abuse,, Mature Themes,, Physical Abuse,, Suicide",
    "Related_Mange": "Battle Athletes Victory, Battle Athletes Daiundoukai ReSTART!",
    "Related_anime": "Battle Athletes, Battle Athletes Victory",
    "Voice_actors": "Eva Gallenstein : Yui Ishikawa, Kanata Akehoshi : Sumire Morohoshi, Lydia Gurtland : Akari Kitou, Paglia Respighi : Hikaru Nanjo, Shelley Wong : Miyu Tomita, Yana Christopher : Saori Hayami, Jefferson Natdhipytadd : Satoshi Mikami, Johann Reinhardt Roberts : Shuuta Morishima, Tokihiro Sasaki\nDirector, Hisakuni\nMusic, Takuma Sogi\nMusic, Yuuko Takahashi\nMusic, Yasuhiro Gasa\nMusic, Shingo Yamazaki\nMusic, Kazuki Tomita\nMusic, Kenta Yokochi\nMusic",
    "staff": "Tokihiro Sasaki : Director, Hisakuni : Music, Takuma Sogi : Music, Yuuko Takahashi : Music, Yasuhiro Gasa : Music, Shingo Yamazaki : Music, Kazuki Tomita : Music, Kenta Yokochi : Music"
  },
  {
    "Rank": "15119",
    "Name": "On a Lustful Night Mingling with a Priest",
    "Japanese_name": " Souryo to Majiwaru Shikiyoku no Yoru ni...",
    "Type": "TV   ",
    "Episodes": "12.0",
    "Studio": "Seven",
    "Release_season": "Spring",
    "Tags": "Josei, Romance, Adult Couples, Mature Romance, Short Episodes, Smut, Based on a Manga, Explicit Sex,, Mature Themes",
    "Rating": "2.4",
    "Release_year": "2017.0",
    "Description": "A woman reunites with her first love at a class reunion. She discovers that Kujou has taken over his family\u0027s temple as a priest. The woman thought that priests did not have romantic relationships, but a passion ignites between the two. She wonders if what she and the priest do is really right.",
    "Content_Warning": "Explicit Sex,, Mature Themes",
    "Related_Mange": "On a Lustful Night Mingling with a Priest",
    "Related_anime": "Souryo to Majiwaru Shikiyoku no Yoru ni... Recap",
    "Voice_actors": "Mio Fukaya : Maika Hara, Takahide Kujo : You Suzuki, Kiyotaka Kujo : Pama Kurukuru, Shiori Kujo : Nerine Akiyama, Yukitaka Kujo : Renya Kojita, Reon Maomi\nOriginal Creator, Hideki Araki\nDirector, Mizuki Aoba\nCharacter Design, Taku Horie\nProducer, Akiko Segawa\nProducer, Shigenori Kageyama\nStoryboard, Eun-Young Choi\n2Nd Key Animator",
    "staff": "Reon Maomi : Original Creator, Hideki Araki : Director, Mizuki Aoba : Character Design, Taku Horie : Producer, Akiko Segawa : Producer, Shigenori Kageyama : Storyboard, Eun-Young Choi : 2Nd Key Animator"
  }
]