[
  {
    "Rank": "570",
    "Name": "Kino\u0027s Journey",
    "Japanese_name": " Kino no Tabi: The Beautiful World",
    "Type": "TV   ",
    "Episodes": "13.0",
    "Studio": "A.C.G.T",
    "Release_season": "Spring",
    "Tags": "Adventure, Drama, Fantasy, Sci Fi, Episodic, Melancholy, Motorcycles, Based on a Light Novel, Violence",
    "Rating": "4.09",
    "Release_year": "2003.0",
    "Description": "\"In another world, there exist many countries, each with different cultures, customs, and traditions. From technological marvels to folk legends, each location yields a vast wealth of insight of its people: their hopes and their dreams, their failures and fears. Kino is a traveler whose goal is to visit as many new places as possible, learning about others\u0027 ways of life, but also making sure to stay clear of their affairs. Together with the talking motorrad Hermes, Kino sets out to explore the beautiful world and meet its inhabitants, wherever they may be.\"",
    "Content_Warning": "Violence",
    "Related_Mange": "Kino\u0027s Journey: The Beautiful World (Light Novel), Gakuen Kino (Light Novel), Gakuen Kino, Kino\u0027s Journey: The Beautiful World, Kino\u0027s Journey: The Beautiful World (Gou)",
    "Related_anime": "Kino\u0027s Journey: Tower Country, Kino\u0027s Journey: Life Goes On, Dengeki Bunko 2007 Movie Festival Special, Kino\u0027s Journey: Byouki no Kuni -For You-, Kino\u0027s Journey -the Beautiful World- the Animated Series",
    "Voice_actors": "Kino : Ai Maeda, Hermes : Ryuji Aigase, Ace : Mike Macrae, Brock : Tad Hathaway, Coliseum Country King : Seizo Katou, Jin : Brooke Sinclair, Kino : Kazuhiko Inoue, Kino\u0027S Father : Jun Hazumi, Keiichi Shigusawa\nOriginal Creator, Ryuutarou Nakamura\nDirector, Ryou Sakai\nMusic, Shigeyuki Suga\nCharacter Design, Takatsugu Kobayashi\nEpisode Director \u0026 Storyboard, Yoshiaki Itou\nAnimation Director, Takaaki Fukuyo\nAnimation Director, Toshimasa Suzuki\nKey Animator",
    "staff": "Keiichi Shigusawa : Original Creator, Ryuutarou Nakamura : Director, Ryou Sakai : Music, Shigeyuki Suga : Character Design, Takatsugu Kobayashi : Episode Director \u0026 Storyboard, Yoshiaki Itou : Animation Director, Takaaki Fukuyo : Animation Director, Toshimasa Suzuki : Key Animator"
  },
  {
    "Rank": "1531",
    "Name": "Kino\u0027s Journey -the Beautiful World- the Animated Series",
    "Japanese_name": " Kino no Tabi: The Beautiful World - the Animated Series",
    "Type": "TV   ",
    "Episodes": "12.0",
    "Studio": "Lerche",
    "Release_season": "Fall ",
    "Tags": "Adventure, Fantasy, Sci Fi, Episodic, Guns, Motorcycles, Based on a Light Novel, Violence",
    "Rating": "3.86",
    "Release_year": "2017.0",
    "Description": "\u0027Kino and\\xa0the talking motorrad, Hermes, travel the land together; visiting different countries and learning about the various customs and cultures of the people they encounter. From technological marvels to nations with unique laws and political intrigue, each location yields a wealth of insight of its people. The beautiful world they inhabit is a vast one, and a number of other travelers share tales of their adventures as well - an exiled prince wandering the land with his talking dog, an orphaned child raised by artificial intelligence, and a former slave girl with a talking motorrad of her own\\xa0who photographs the world around her as she travels through it. Although the world is not always beautiful, its rich diversity lends it a fascinating loveliness that is worth the journey to see.\u0027",
    "Content_Warning": "Violence",
    "Related_Mange": "Kino\u0027s Journey: The Beautiful World (Light Novel), Gakuen Kino (Light Novel), Gakuen Kino, Kino\u0027s Journey: The Beautiful World, Kino\u0027s Journey: The Beautiful World (Gou)",
    "Related_anime": "Kino\u0027s Journey, Kino\u0027s Journey: Tower Country, Kino\u0027s Journey: Life Goes On, Kino\u0027s Journey: Byouki no Kuni -For You-, Kino\u0027s Journey -the Beautiful World- the Animated Series: On Your Way",
    "Voice_actors": "Hermes : Soma Saito, Kino : Aoi Yuuki, Aibo : Kazuyuki Okitsu, Photo : Inori Minase, Riku : Kenichirou Matsuda, Shishou : Lynn, Shizu : Yuuichirou Umehara, Sou : Megumi Ogata, Keiichi Shigusawa\nOriginal Creator, Tomohisa Taguchi\nDirector, Ryoko Amisaki\nCharacter Design, Takurou Hatakeyama\nProducer, Kozue Kaneniwa\nProducer, Kentarou Hattori\nProducer, Yuusuke Yoshioka\nProducer, Aya Iizuka\nProducer",
    "staff": "Keiichi Shigusawa : Original Creator, Tomohisa Taguchi : Director, Ryoko Amisaki : Character Design, Takurou Hatakeyama : Producer, Kozue Kaneniwa : Producer, Kentarou Hattori : Producer, Yuusuke Yoshioka : Producer, Aya Iizuka : Producer"
  }
]