[
  {
    "Rank": "339",
    "Name": "Sekai-ichi Hatsukoi: World\u0027s Greatest First Love 2",
    "Japanese_name": " Sekai-ichi Hatsukoi 2",
    "Type": "TV   ",
    "Episodes": "12.0",
    "Studio": "Studio DEEN",
    "Release_season": "Fall ",
    "Tags": "BL, Comedy, Drama, Romance, Shounen-ai, Adult Couples, Boss-Employee Relationship, Coworkers, Editors, LGBT Themes, Manga Industry, Mature Romance, Neighbors, Otaku Culture, Romantic Comedy, Work Life, Yaoi Hand Syndrome, Based on a Manga, Sexual Content",
    "Rating": "4.18",
    "Release_year": "2011.0",
    "Description": "\"Because Ritsu Onodera hates to rely on family connections he quits a job as a literature editor at his parents\u0027 company, Onodera Publishing, and winds up taking a job at Marukawa Books. To his chagrin, he is assigned to the sh?jo manga department in spite of having no interest or experience in it. And on top of that, he has an awful first impression of his high-handed editor-in-chief, Masamune Takano.\"",
    "Content_Warning": "Sexual Content",
    "Related_Mange": "The World\u0027s Greatest First Love: The Case of Ritsu Onodera, Sekai-ichi Hatsukoi: Yoshino Chiaki no Baai (Light Novel), Sekai-ichi Hatsukoi: Yokozawa Takafumi no Baai (Light Novel)",
    "Related_anime": "Sekai-ichi Hatsukoi: World\u0027s Greatest First Love OVA, Sekai-ichi Hatsukoi: World\u0027s Greatest First Love, Sekai-ichi Hatsukoi: Yokozawa Takafumi no Baai, Sekai-ichi Hatsukoi: Valentine-hen, Sekai-ichi Hatsukoi: World\u0027s Greatest First Love - Proposal-hen",
    "Voice_actors": "Masamune Takano : Katsuyuki Konishi, Ritsu Onodera : Takashi Kondou, Chiaki Yoshino : Shinnosuke Tachibana, Kou Yukina, Shouta Kisa : Nobuhiko Okamoto, Takafumi Yokozawa : Kenyuu Horiuchi, Yoshiyuki Hatori : Yuuichi Nakamura, Yuu Yanase : Hiroshi Kamiya, Shungiku Nakamura\nOriginal Creator, Chiaki Kon\nDirector, Youko Kikuchi\nCharacter Design, Junka Kobayashi\nProducer, Satoshi Fujita\nProducer, Jun Fukuda\nProducer, Eriko Aoki\nProducer, Shinichi Omata\nEpisode Director",
    "staff": "Shungiku Nakamura : Original Creator, Chiaki Kon : Director, Youko Kikuchi : Character Design, Junka Kobayashi : Producer, Satoshi Fujita : Producer, Jun Fukuda : Producer, Eriko Aoki : Producer, Shinichi Omata : Episode Director"
  },
  {
    "Rank": "542",
    "Name": "Sekai-ichi Hatsukoi: World\u0027s Greatest First Love",
    "Japanese_name": " Sekai-ichi Hatsukoi",
    "Type": "TV   ",
    "Episodes": "12.0",
    "Studio": "Studio DEEN",
    "Release_season": "Spring",
    "Tags": "BL, Comedy, Drama, Romance, Shounen-ai, Adult Couples, Boss-Employee Relationship, Coworkers, Editors, LGBT Themes, Manga Industry, Mature Romance, Neighbors, Otaku Culture, Romantic Comedy, Work Life, Yaoi Hand Syndrome, Based on a Manga, Sexual Content",
    "Rating": "4.1",
    "Release_year": "2011.0",
    "Description": "\"When Ritsu was in high school, he fell in love with a boy who broke his heart, changing his view of love forever. Now a jaded adult, Ritsu has just transferred to the Marukawa Shoten company in hopes of publishing literature, only to be told that he\u0027ll be working in the shoujo manga division instead. What\u0027s worse, his boss is brash, rude and seems to have an interest in him! However, the biggest surprise is yet to come for Ritsu, as he soon discovers that his boss is none other than his lover of his past!\"",
    "Content_Warning": "Sexual Content",
    "Related_Mange": "The World\u0027s Greatest First Love: The Case of Ritsu Onodera, Sekai-ichi Hatsukoi: Yoshino Chiaki no Baai (Light Novel), Sekai-ichi Hatsukoi: Yokozawa Takafumi no Baai (Light Novel)",
    "Related_anime": "Sekai-ichi Hatsukoi: World\u0027s Greatest First Love OVA, Sekai-ichi Hatsukoi: World\u0027s Greatest First Love 2, Sekai-ichi Hatsukoi: Yokozawa Takafumi no Baai, Sekai-ichi Hatsukoi: Valentine-hen, Sekai-ichi Hatsukoi: World\u0027s Greatest First Love - Proposal-hen",
    "Voice_actors": "Masamune Takano : Katsuyuki Konishi, Ritsu Onodera : Takashi Kondou, Chiaki Yoshino : Shinnosuke Tachibana, Kou Yukina : Tomoaki Maeno, Shouta Kisa : Nobuhiko Okamoto, Takafumi Yokozawa : Kenyuu Horiuchi, Yoshiyuki Hatori : Yuuichi Nakamura, Yuu Yanase : Hiroshi Kamiya, Shungiku Nakamura\nOriginal Creator, Chiaki Kon\nDirector, Hijiri Anze\nMusic, Youko Kikuchi\nCharacter Design, Junka Kobayashi\nProducer, Satoshi Fujita\nProducer, Jun Fukuda\nProducer, Sawako Yamamoto\nAnimation Director",
    "staff": "Shungiku Nakamura : Original Creator, Chiaki Kon : Director, Hijiri Anze : Music, Youko Kikuchi : Character Design, Junka Kobayashi : Producer, Satoshi Fujita : Producer, Jun Fukuda : Producer, Sawako Yamamoto : Animation Director"
  }
]