[
  {
    "Rank": "2",
    "Name": "Fruits Basket the Final Season",
    "Japanese_name": " Fruits Basket the Final",
    "Type": "TV   ",
    "Episodes": "13.0",
    "Studio": "TMS Entertainment",
    "Release_season": "Spring",
    "Tags": "Drama, Fantasy, Romance, Shoujo, Animal Transformation, Contemporary Fantasy, Curse, Dysfunctional Families, Mental Illness, Orphans, Based on a Manga, Emotional Abuse,, Mature Themes,, Physical Abuse,, Suicide,, Violence,, Domestic Abuse",
    "Rating": "4.6",
    "Release_year": "2021.0",
    "Description": "\u0027The final arc of Fruits Basket.\u0027",
    "Content_Warning": "Emotional Abuse,, Mature Themes,, Physical Abuse,, Suicide,, Violence,, Domestic Abuse",
    "Related_Mange": "Fruits Basket, Fruits Basket Another",
    "Related_anime": "Fruits Basket 1st Season, Fruits Basket 2nd Season",
    "Voice_actors": "Akito Sohma : Maaya Sakamoto, Kyo Sohma : Yuuma Uchida, Shigure Sohma : Yuuichi Nakamura, Tohru Honda : Manaka Iwami, Yuki Sohma : Nobunaga Shimazaki, Arisa Uotani : Atsumi Tanezaki, Hatsuharu Sohma : Makoto Furukawa, Isuzu Sohma : Aki Toyosaki, Natsuki Takaya\nOriginal Creator, Yoshihide Ibata\nDirector \u0026 Episode Director \u0026 Storyboard, Taku Kishimoto\nScreenplay \u0026 Series Composition, Masaru Yokoyama\nMusic, Masaru Shindou\nCharacter Design \u0026 Chief Animation Director, Baek-Ryun Chae\nPhotography Director, Youko Koyama\nArt Director, Mika Sugawara\nColor Design",
    "staff": "Natsuki Takaya : Original Creator, Yoshihide Ibata : Director \u0026 Episode Director \u0026 Storyboard, Taku Kishimoto : Screenplay \u0026 Series Composition, Masaru Yokoyama : Music, Masaru Shindou : Character Design \u0026 Chief Animation Director, Baek-Ryun Chae : Photography Director, Youko Koyama : Art Director, Mika Sugawara : Color Design"
  },
  {
    "Rank": "1699",
    "Name": "Rent-A-Girlfriend",
    "Japanese_name": " Kanojo, Okarishimasu",
    "Type": "TV   ",
    "Episodes": "12.0",
    "Studio": "TMS Entertainment",
    "Release_season": "Summer",
    "Tags": "Comedy, Drama, Ecchi, Harem, Romance, Shounen, Adult Couples, College, Fake Romance, Mature Romance, Neighbors, School Life, Based on a Manga, Sexual Content",
    "Rating": "3.83",
    "Release_year": "2020.0",
    "Description": "\u0027In Japan, the lonely have a new way out � online services that rent out dads, children, even girlfriends! When Kazuya\\\u0027s true love dumps him, he\\\u0027s just desperate enough to try it, and he\\\u0027s shocked at how cute and sweet his rental girlfriend turns out to be. But she wants to keep their \"relationship\" a secret, and there\\\u0027s a complication... she goes to his university... and their grandmothers are in the same home... and they live next door to each other?! And Kazuya finds out she\\\u0027s not nearly as nice in \"real life\"...\u0027",
    "Content_Warning": "Sexual Content",
    "Related_Mange": "Rent-A-Girlfriend, Rent-A-(Really Shy!)-Girlfriend",
    "Related_anime": "Rent-A-Girlfriend Mini Anime, Rent-A-Girlfriend 2",
    "Voice_actors": "Chizuru Mizuhara : Sora Amamiya, Kazuya Kinoshita : Shun Horie, Mami Nanami : Aoi Yuuki, Nagomi Kinoshita : Yukari Nozawa, Ruka Sarashina : Nao Touyama, Shun Kuribayashi : Gakuto Kajiwara, Yoshiaki Kibe : Masayuki Akasaka, Harumi Kinoshita : Miki Natsutani, Reiji Miyajima\nOriginal Creator, Kazuomi Koga\nDirector, Kenichi Maeyamada\nMusic \u0026 Song Composition \u0026 Song Lyrics, Kanna Hirayama\nCharacter Design, Hiroyuki Aoi\nProducer, Airi Sawada\nProducer, Kevin Yuuta Kenmotsu\nAnimation Director \u0026 Assistant Animation Director \u0026 Key Animator, Yoshio Usuda\nKey Animator",
    "staff": "Reiji Miyajima : Original Creator, Kazuomi Koga : Director, Kenichi Maeyamada : Music \u0026 Song Composition \u0026 Song Lyrics, Kanna Hirayama : Character Design, Hiroyuki Aoi : Producer, Airi Sawada : Producer, Kevin Yuuta Kenmotsu : Animation Director \u0026 Assistant Animation Director \u0026 Key Animator, Yoshio Usuda : Key Animator"
  },
  {
    "Rank": "1517",
    "Name": "Lupin III: The Woman Called Fujiko Mine",
    "Japanese_name": " Lupin III: Mine Fujiko to Iu Onna",
    "Type": "TV   ",
    "Episodes": "13.0",
    "Studio": "TMS Entertainment",
    "Release_season": "Spring",
    "Tags": "Action, Criminals, Episodic, Noir, Thieves, Nudity",
    "Rating": "3.86",
    "Release_year": "2012.0",
    "Description": "\"Fujiko Mine: a woman so beguiling that the greatest thief on earth, Lupin III, has vowed to claim her as his most prized quarry. And while men lust after her, she only has eyes for one thing � all the beautiful treasures in the world that she can possibly steal. From the haunted opera houses of Japan to the boobie-trapped pyramids of Egypt, Fujiko uses both violence and sex to manipulate those who stand in her way. But with the tireless Lupin intervening in every situation to \u0027take\u0027 her, and the skilled rogues Jigen and Goemon entangling their own personal vendettas with hers, how is a woman to realize her wildest desires?\"",
    "Content_Warning": "Nudity",
    "Related_Mange": "Lupin III, Lupin Kozou, Lupin III: World\u0027s Most Wanted",
    "Related_anime": "Lupin III: Pilot Film, Lupin III, Lupin III: Part II, Lupin III: The Mystery of Mamo, Lupin III: The Castle of Cagliostro, Lupin III: Part III, Lupin III: Legend of the Gold of Babylon, Lupin III: The Fuma Conspiracy, Lupin III: Secret Files, Lupin III Special 1: Bye Bye, Lady Liberty, Lupin III Special 2: The Hemingway Papers, Lupin III Special 3: Napoleon\u0027s Dictionary, Lupin III Special 4: From Siberia With Love, Lupin III Special 5: Voyage To Danger, Lupin III Special 6: Dragon of Doom, Lupin III: Farewell to Nostradamus, Lupin III Special 7: The Pursuit of Harimao\u0027s Treasure, Lupin III: Dead or Alive, Lupin III Special 8: The Secret Of The Twilight Gemini, Lupin III Special 9: Island of Assassins, Lupin III Special 10: Crisis in Tokyo, Lupin III Special 11: The Columbus Files, Lupin III Special 12: Missed by a Dollar, Lupin III Special 13: Alcatraz Connection, Lupin III: Return Of Pycal, Lupin III Special 14: Episode 0 - First Contact, Lupin III Special 15: Operation Return the Treasure, Lupin III Special 16: Stolen Lupin, Lupin III Special 17: Angel Tactics, Lupin III Special 18: Seven Days Rhapsody, Lupin III Special 19: The Elusiveness of the Fog, Lupin III: Green vs Red, Lupin III Special 20: Sweet Lost Night, Lupin III Special 21: Lupin III vs Detective Conan, Monkey Majik: Lupin the Third, Lupin III Special 22: The Last Job, Lupin III Special 23: Blood Seal of the Eternal Mermaid, Lupin VIII: Arsene and Cie, Lupin III: Lupin Family All-Stars, Lupin III Special 24: Touhou Kenbunroku - Another Page, Lupin III Special 25: Princess of the Breeze - Kakusareta Kuuchuu Toshi, Lupin III vs Detective Conan: The Movie, Lupin III: Jigen\u0027s Gravestone, Lupin III: Part IV, Lupin III Special 26: Italian Game, Lupin III: Goemon\u0027s Blood Spray, Lupin III: The First",
    "Voice_actors": "Arsene Lupin Iii : Kanichi Kurita, Fujiko Mine : Miyuki Sawashiro, Daisuke Jigen : Kiyoshi Kobayashi, Goemon Ishikawa Xiii : Daisuke Namikawa, Koichi Zenigata : Kouichi Yamadera, Luis Yu Almeida : Kanji Furutachi, Oscar : Yuuki Kaji, Aisha : Sanae Kobayashi, Monkey Punch\nOriginal Creator, Sayo Yamamoto\nDirector, Naruyoshi Kikuchi\nMusic, Takeshi Koike\nCharacter Design, Toshio Nakatani\nProducer, Yuu Kiyozono\nProducer, Naoki Iwasa\nProducer, Shin Itagaki\nAnimation Director \u0026 Episode Director \u0026 Key Animator \u0026 Storyboard",
    "staff": "Monkey Punch : Original Creator, Sayo Yamamoto : Director, Naruyoshi Kikuchi : Music, Takeshi Koike : Character Design, Toshio Nakatani : Producer, Yuu Kiyozono : Producer, Naoki Iwasa : Producer, Shin Itagaki : Animation Director \u0026 Episode Director \u0026 Key Animator \u0026 Storyboard"
  },
  {
    "Rank": "4336",
    "Name": "Ninja Girl \u0026 Samurai Master 3rd Season",
    "Japanese_name": " Nobunaga no Shinobi: Anegawa Ishiyama-hen",
    "Type": "TV   ",
    "Episodes": "26.0",
    "Studio": "TMS Entertainment",
    "Release_season": "Spring",
    "Tags": "Action, Comedy, Seinen, 16th Century, Chibi, Feudal Japan, Historical, Ninja, Overpowered Main Characters, Rebellions, Short Episodes, War, Based on a 4-Koma Manga, Based on a Manga, Violence",
    "Rating": "3.55",
    "Release_year": "2018.0",
    "Description": "\"Nobunaga\u0027s beloved sister Ichi has married Azai Nagamasa. But the impending battle between the Azai + Asakura forces and the Oda Army is unavoidable. Even a moment\u0027s hesitation could cause either side to lose something important at the Battle of Anegawa. It is there that Chidori, who has been saving her tears, will awaken. In this battle to bring the whole country together, there are times where even brothers must fight.\"",
    "Content_Warning": "Violence",
    "Related_Mange": "Nobunaga no Shinobi",
    "Related_anime": "Ninja Girl \u0026 Samurai Master Episode 0, Ninja Girl \u0026 Samurai Master, Ninja Girl \u0026 Samurai Master 2nd Season",
    "Voice_actors": "Chidori : Inori Minase, Nobunaga Oda : Wataru Hatano, Hideyoshi Kinoshita : Kappei Yamaguchi, Hongan-Ji Kennyo, Nagamasa Azai : Yasuaki Takumi, Sukezou :  Ayumu Murase, Chacha, Chiyome Mochizuki, Naoki Shigeno\nOriginal Creator, Akitarou Daichi\nDirector, Toshio Masuda\nMusic, Junko Yamanaka\nCharacter Design",
    "staff": "Naoki Shigeno : Original Creator, Akitarou Daichi : Director, Toshio Masuda : Music, Junko Yamanaka : Character Design"
  }
]