[
  {
    "Rank": "4562",
    "Name": "Please Twins",
    "Japanese_name": " Onegai Twins",
    "Type": "TV   ",
    "Episodes": "12.0",
    "Studio": "Daume",
    "Release_season": "Summer",
    "Tags": "Drama, Ecchi, Romance, Cohabitation, Countryside, Love Triangle, School Life, Sudden Girlfriend Appearance, Incest,, Mature Themes,, Nudity",
    "Rating": "3.54",
    "Release_year": "2003.0",
    "Description": "\u0027Maiku Kamishiro has always had a photo of himself as a child in front of an old house with a young girl. One day after spotting the building in a news report, the high school boy moves to the countryside to live in the house from the picture. While living alone, making ends meet by working as a freelance programmer, Maiku gets the shock of his life when not one, but two girls turn up on his doorstep claiming to be his twin sister! With the lively Miina and timid Karen both possessing the same photograph, the pair begins living with the confused Maiku as they try to figure out which one of them is actually his sister.\u0027",
    "Content_Warning": "Incest,, Mature Themes,, Nudity",
    "Related_Mange": "Onegai Teacher, Onegai Teacher (Light Novel), Onegai Twins (Light Novel), Onegai Twins",
    "Related_anime": "Please Teacher: Marie Love Theater, Please Teacher, Please Teacher: Secret Couple, Please Teacher: Reminiscence, Please Twins: The Summer Never Ends",
    "Voice_actors": "Karen Onodera : Ai Shimizu, Maiku Kamishiro : Daisuke Namikawa, Miina Miyafuji : Mai Nakahara, Haruko Shidou : Ryouko Shintani, Ichigo Morino :  Yukari Tamura, Kousei Shimazaki : Kenichi Suzumura, Marie : Tomoko Kaneda, Matagu Shidou : Hiroaki Miura, Yasunori Ide\nDirector, Soushi Hosoi\nMusic, Feel\nMusic, Zizz Studio\nMusic, Hiroaki Gohda\nCharacter Design, Kenji Satou\nPhotography Director, Junichi Watanabe\nPhotography Director, Keiko Shibuya\nColor Design",
    "staff": "Yasunori Ide : Director, Soushi Hosoi : Music, Feel : Music, Zizz Studio : Music, Hiroaki Gohda : Character Design, Kenji Satou : Photography Director, Junichi Watanabe : Photography Director, Keiko Shibuya : Color Design"
  },
  {
    "Rank": "5914",
    "Name": "Hanaukyo Maid Team: La Verite",
    "Japanese_name": " Hanaukyou Maid Tai: La Verite",
    "Type": "TV   ",
    "Episodes": "12.0",
    "Studio": "Daume",
    "Release_season": "Spring",
    "Tags": "Comedy, Ecchi, Harem, Shounen, Maids, Mansion, Based on a Manga, Nudity",
    "Rating": "3.45",
    "Release_year": "2004.0",
    "Description": "\u0027After the death of his mother, young Taro Hanaukyo has no choice but to leave his home and live with his grandfather. Along the way, however, Taro is approached by his grandfather�s personal maid and told that he has not only left the mansion, but that he has also declared Taro the president of the Hanaukyo family. As the president of such a prestigious family, our hero now has many challenges to face; from endless paperwork to even fending off the advances of Jihiyou Ryuuka, a woman after one thing: his hand in marriage!\u0027",
    "Content_Warning": "Nudity",
    "Related_Mange": "Hanaukyo Maid Team",
    "Related_anime": "Hanaukyo Maid Team, Hanaukyo Maid Team OVA",
    "Voice_actors": "Mariel : Rie Tanaka, Taro Hanaukyo : Yuki Kaida, Cynthia Landlavizar, Grace Landlavizar : Tomoko Kaneda, Ikuyo Suzuki : Moyu Arishima, Konoe Tsurugi : Akiko Hiramatsu, Lemon : Kozue Yoshizumi, Maron : Mai Kadowaki, Morishige\nOriginal Creator, Takuya Nonaka\nDirector, Michiru Ooshima\nMusic, Takaharu Ookuma\nCharacter Design, Junichi Watanabe\nPhotography Director, Keiko Shibuya\nColor Design, Hiroyuki Oomori\nProducer, Hiroshi Ishida\nProducer",
    "staff": "Morishige : Original Creator, Takuya Nonaka : Director, Michiru Ooshima : Music, Takaharu Ookuma : Character Design, Junichi Watanabe : Photography Director, Keiko Shibuya : Color Design, Hiroyuki Oomori : Producer, Hiroshi Ishida : Producer"
  }
]