[
  {
    "Rank": "1067",
    "Name": "The Heroic Legend of Arslan",
    "Japanese_name": " Arslan Senki",
    "Type": "TV   ",
    "Episodes": "25.0",
    "Studio": "LIDEN FILMS",
    "Release_season": "Spring",
    "Tags": "Action, Adventure, Fantasy, Shounen, Medieval, Middle Eastern, Military, Political, Rebellions, Royalty, Swordplay, War, Based on a Manga, Animal Abuse,, Mature Themes,, Suicide,, Violence",
    "Rating": "3.95",
    "Release_year": "2015.0",
    "Description": "\"As Arslan gathers forces to fight for his cause, his progress is suddenly halted by the warring Princes of the neighboring country, Sindhura. Both brothers believe they have equal claim to the throne, but only one can succeed their father. Sensing the opportunity to form a powerful alliance, Arslan\u0027s trusted advisor, Narsus forms a plan to end the feud once and for all. But their detour in Sindhura gives Lord Silver Mask and his followers time to strengthen their own influence back in Pars. The mystery surrounding Arslan\u0027s true parentage has loyal Parsians questioning his right to rule. Shocked by the revelation that he may be fighting for a throne that isn\u0027t his, Arslan has to wonder: Is blood truly what makes a king Or is the love he has for Pars and its people enough to see him through?\"",
    "Content_Warning": "Animal Abuse,, Mature Themes,, Suicide,, Violence",
    "Related_Mange": "The Heroic Legend of Arslan (Light Novel), The Heroic Legend of Arslan (Chisato NAKAMURA), The Heroic Legend of Arslan",
    "Related_anime": "The Heroic Legend of Arslan (1991), The Heroic Legend of Arslan: The Blade to Retake the Kingdom, The Heroic Legend of Arslan Specials, Kigyou Senshi Arslan, The Heroic Legend of Arslan OVA, The Heroic Legend of Arslan: Dust Storm Dance",
    "Voice_actors": "Arslan : Yusuke Kobayashi, Daryun : Yoshimasa Hosoya, Narsus : Daisuke Namikawa, Alfreed : Manami Numakura, Elam : Natsuki Hanae, Etoile : Yumi Uchiyama, Falangies : Maaya Sakamoto, Gieve : Kenn, Yoshiki Tanaka\nOriginal Creator, Hiromu Arakawa\nOriginal Creator, Noriyuki Abe\nDirector, Tarou Iwashiro\nMusic, Kazuo Watanabe\nCharacter Design, Ushio Tazawa\nCharacter Design, Shingo Ogiso\nCharacter Design, Hideo Suzuki\nPhotography Director",
    "staff": "Yoshiki Tanaka : Original Creator, Hiromu Arakawa : Original Creator, Noriyuki Abe : Director, Tarou Iwashiro : Music, Kazuo Watanabe : Character Design, Ushio Tazawa : Character Design, Shingo Ogiso : Character Design, Hideo Suzuki : Photography Director"
  },
  {
    "Rank": "2779",
    "Name": "Blade of the Immortal (2019)",
    "Japanese_name": " Mugen no Juunin: Immortal",
    "Type": "Web  ",
    "Episodes": "24.0",
    "Studio": "LIDEN FILMS",
    "Release_season": "Fall ",
    "Tags": "Action, Seinen, Feudal Japan, Revenge, Swordplay, Based on a Manga, Animal Abuse,, Explicit Violence,, Mature Themes,, Sexual Abuse",
    "Rating": "3.69",
    "Release_year": "2019.0",
    "Description": "\u0027Manji, the Slayer of Hundreds, has been cursed with eternal life � but in the dark of his existence shines a final glimmer of hope. If he can slay 1,000 evil men, Manji will finally be able to end his life of infinite misery. When a young girl named Rin asks him to help her take revenge on the group of master swordsmen who slaughtered her family, Manji finds some resemblance to his lost younger sister in her and decides to come to her aid.\u0027",
    "Content_Warning": "Animal Abuse,, Explicit Violence,, Mature Themes,, Sexual Abuse",
    "Related_Mange": "Blade of the Immortal",
    "Related_anime": "Blade of the Immortal",
    "Voice_actors": "Manji : Kenjirou Tsuda, Rin Asano : Ayane Sakura, Kagehisa Anotsu : Nozomu Sasaki, Kagimura Habaki : Jouji Nakata, Magatsu Taito : Tatsuhisa Suzuki, Makie Otonotachibana : Houko Kuwashima, Shira : Tooru Nara, Yaobikuni : Rin Mizuhara, Hiroaki Samura\nOriginal Creator, Hiroshi Hamasaki\nDirector, Eiko Ishibashi\nMusic, Shingo Ogiso\nCharacter Design, Kazuhiro Asou\nProducer, Hiroyuki Aoi\nProducer, Yasuo Tsubakimoto\nProducer, Morio Kitaoka\nProducer",
    "staff": "Hiroaki Samura : Original Creator, Hiroshi Hamasaki : Director, Eiko Ishibashi : Music, Shingo Ogiso : Character Design, Kazuhiro Asou : Producer, Hiroyuki Aoi : Producer, Yasuo Tsubakimoto : Producer, Morio Kitaoka : Producer"
  }
]