[
  {
    "Rank": "65",
    "Name": "Code Geass: Lelouch of the Rebellion",
    "Japanese_name": " Code Geass: Hangyaku no Lelouch",
    "Type": "TV   ",
    "Episodes": "25.0",
    "Studio": "Sunrise",
    "Release_season": "Fall ",
    "Tags": "Mecha, Sci Fi, Conspiracy, Mind Games, Overpowered Main Characters, Political, Psychological, Real Robot, Rebellions, Revenge, Rivalries, Royalty, Secret Identity, Superpowers, Terrorism, Original Work, Nudity,, Violence",
    "Rating": "4.38",
    "Release_year": "2006.0",
    "Description": "\u0027In 2010, the Britannian Empire enslaved Japan using powerful mecha known as Knightmares; in the aftermath Japan was renamed Area 11, and its people began a hard and terrible existence. Lelouch, a Britannian student living in Area 11, has grown up hating the Empire and everything it stands for. One day, in the middle of a terrorist attack, Lelouch meets a mysterious girl who grants him the ability to control minds. Can he use his new power to fight for freedom, or will his hatred twist his good intentions into mindless acts of vengeance?\u0027",
    "Content_Warning": "Nudity,, Violence",
    "Related_Mange": "Code Geass: Lelouch of the Rebellion, Code Geass: Suzaku of the Counterattack, Code Geass: Nightmare of Nunnally, Code Geass: Lelouch of the Rebellion - Knight: Official Comic Anthology - For Girls, Code Geass: Lelouch of the Rebellion - Queen: Official Comic Anthology - For Boys, Code Geass: Lelouch of the Rebellion (Light Novel), Code Geass: Lelouch of the Rebellion - Ake no Kiseki (Light Novel), Code Geass: Tales of an Alternate Shogunate, Code Geass: Lelouch of the Rebellion R2 (Light Novel), Code Geass: Shikkoku no Renya, Barcode Geass: Hanbai no Lelouch, Code Geass: Soubou no Oz, Code Geass: Boukoku no Akito (Light Novel), Kateikyoushi no Lelouch-san, Code Geass: Lelouch of the Rebellion Re;",
    "Related_anime": "Code Geass: Dakkan no Z, Code Geass: Lelouch of the Rebellion Recaps, Code Geass: Lelouch of the Rebellion Picture Drama, Code Geass: Lelouch of the Rebellion Special Edition - Black Rebellion, Code Geass: Lelouch of the Rebellion R2, Code Geass: Lelouch of the Rebellion R2 Picture Drama, Code Geass: Lelouch of the Rebellion R2 Flash Specials, Code Geass: Lelouch of the Rebellion R2 Special Edition - Zero Requiem, Code Geass: Lelouch of the Rebellion - Kiseki no Birthday Picture Drama, Code Geass: Akito the Exiled, Code Geass: Nunnally in Wonderland, Code Geass Gaiden: Boukoku no Akito Picture Drama, Code Geass: Soubou no Oz Picture Drama, Code Geass: Lelouch of the Rebellion Picture Drama - Hajimari no Zenya, Code Geass: Lelouch of the Rebellion Picture Drama - Kiseki no Anniversary",
    "Voice_actors": "C.C. : Yukana, Kallen Stadtfeld : Ami Koshimizu, Lelouch Lamperouge : Jun Fukuyama, Suzaku Kururugi : Takahiro Sakurai, Cecile Croomy : Kikuko Inoue, Charles Zi Britannia : Norio Wakamoto, Cornelia Li Britannia : Junko Minagawa, Euphemia Li Britannia : Omi Minami, Gorou Taniguchi\nDirector \u0026 Op Director \u0026 Original Creator \u0026 Storyboard, Sunrise\nOriginal Creator, Clamp\nOriginal Character Design, Kotaro Nakagawa\nMusic, Hitomi Kuroishi\nMusic, Takahiro Kimura\nCharacter Design, Takao Minegishi\nProducer, Hirofumi Morotomi\nProducer",
    "staff": "Gorou Taniguchi : Director \u0026 Op Director \u0026 Original Creator \u0026 Storyboard, Sunrise : Original Creator, Clamp : Original Character Design, Kotaro Nakagawa : Music, Hitomi Kuroishi : Music, Takahiro Kimura : Character Design, Takao Minegishi : Producer, Hirofumi Morotomi : Producer"
  },
  {
    "Rank": "835",
    "Name": "Outlaw Star",
    "Japanese_name": " Seihou Bukyou Outlaw Star",
    "Type": "TV   ",
    "Episodes": "26.0",
    "Studio": "Sunrise",
    "Release_season": "Winter",
    "Tags": "Action, Adventure, Comedy, Sci Fi, Seinen, Mercenaries, Outer Space, Based on a Manga, Nudity",
    "Rating": "4.01",
    "Release_year": "1998.0",
    "Description": "\u0027Gene Starwind and Jim Hawking make a living on various jobs and bounties. While waiting for their ticket to hit it big time, a mysterious woman named Hilda leaves them with a key to the puzzle of finding a starship of great power, known only as the Outlaw Star. What are these long lost spaceships and what is the Galactic Leyline?\u0027",
    "Content_Warning": "Nudity",
    "Related_Mange": "Future-Retro Hero Story, Outlaw Star, Hoshi Hou Yuugeki Tai Angel Links (Light Novel), Angel Links",
    "Related_anime": "Angel Links, Outlaw Star Pilot",
    "Voice_actors": "Gene Starwind : Tsutomu Kashiwakura, James Hawking : Rica Matsumoto, Melfina : Ayako Kawasumi, Aisha Clanclan : Yuuko Miyamura, Gilliam Ii : Takaya Hashi, Harry Macdougall : Tsutomu Kashiwakura, Ronald Macdougall : Kazuhiro Nakata, Suzuka : Sayuri, Takehiko Ito\nOriginal Creator, Mitsuru Hongo\nDirector, Kow Otani\nMusic, Takuya Saitou\nCharacter Design, Naotake Furusato\nProducer, Shinjirou Yokoyama\nProducer, Kazuhito Kikuchi\nStoryboard",
    "staff": "Takehiko Ito : Original Creator, Mitsuru Hongo : Director, Kow Otani : Music, Takuya Saitou : Character Design, Naotake Furusato : Producer, Shinjirou Yokoyama : Producer, Kazuhito Kikuchi : Storyboard"
  },
  {
    "Rank": "1304",
    "Name": "Mobile Suit Gundam: Thunderbolt",
    "Japanese_name": " Kidou Senshi Gundam: Thunderbolt",
    "Type": "Web  ",
    "Episodes": "4.0",
    "Studio": "Sunrise",
    "Release_season": "Fall ",
    "Tags": "Action, Mecha, Sci Fi, Seinen, Military, Psychological, Real Robot, War, Based on a Manga, Drug Use,, Mature Themes,, Violence",
    "Rating": "3.91",
    "Release_year": "2015.0",
    "Description": "\u0027During the One Year War of U.C. 0079, the Earth Federation and Principality of Zeon engage in a fierce battle at the \"Thunderbolt Sector\", a shoal zone in the former Colony Side 4 \"Moore\". After successfully infiltrating Zeon\\\u0027s sniper field, ace Federation pilot and jazz enthusiast Io Fleming is given control of the latest Gundam prototype.\u0027",
    "Content_Warning": "Drug Use,, Mature Themes,, Violence",
    "Related_Mange": "Mobile Suit Gundam: Awakening, Escalation, Confrontation (Light Novel), Mobile Suit Gundam ZZ, Mobile Suit Gundam: The Revival of Zeon, Mobile Suit Gundam: New Revival of Zeon, Record of MS War: Mobile Suit Gundam Abridged, Mobile Suit Gundam: Silhouette Formula 91, Mobile Suit Gundam: The Origin, Mobile Suit Gundam: The Anthology, Mobile Suit Gundam Climax U.C., Mobile Suit Gundam 00, Mobile Suit Gundam 00 2nd Season, Mobile Suit Gundam: Hunter of Black Clothes, Mobile Suit Gundam Thunderbolt, Mobile Suit Gundam 0083: Rebellion, Mobile Suit Gundam: Char\u0027s Counterattack - Beltorchika\u0027s Children, Mobile Suit Gundam Thunderbolt Side Story, Mobile Suit Moon Gundam",
    "Related_anime": "Mobile Suit Zeta Gundam, Mobile Suit Gundam ZZ, Mobile Suit SD Gundam Mk I, Mobile Suit Gundam: Char\u0027s Counterattack, All That Gundam, Mobile Suit Gundam 0080: War in the Pocket, Mobile Suit SD Gundam no Gyakushuu: Arashi wo Yobu Gakuensai, Mobile Suit Gundam F91, Mobile Suit Gundam 0083: Stardust Memory, Mobile Suit Gundam 0083: Stardust Memory - The Mayfly of Space, Mobile Suit Gundam 0083: The Afterglow of Zeon, Mobile Suit Victory Gundam, Mobile Fighter G Gundam, Mobile Suit Gundam Wing, Mobile Suit Gundam: The 08th MS Team, After War Gundam X, Mobile Suit Gundam Wing: Endless Waltz, Mobile Suit Gundam Wing: Endless Waltz Movie, Gundam: Mission To The Rise, Turn A Gundam, Mobile Suit Gundam Evolve, Mobile Suit Gundam MS IGLOO: The Hidden One Year War, Mobile Suit Gundam SEED: After Phase: In the Valley of Stars, Mobile Suit Gundam SEED Destiny, Mobile Suit Gundam MS IGLOO: Apocalypse 0079, Mobile Suit Gundam 00, Mobile Suit Gundam MS IGLOO 2: Juuryoku Sensen, Mobile Suit Gundam 00 Second Season, Mobile Suit Gundam 00 Special Edition I: Celestial Being, Mobile Suit Gundam 00 Special Edition II: End of World, 30th Gundam Perfect Mission, Mobile Suit Gundam ZZ: Gundam Frag., Ring of Gundam, Mobile Suit Gundam 00 Special Edition III: Return the World, Mokei Senshi Gunpla Builders Beginning G, Chou Denei-ban SD Gundam Sangokuden Brave Battle Warriors, Mobile Suit Gundam Unicorn, Mobile Suit Gundam 00 The Movie: A Wakening of the Trailblazer, Mobile Suit Gundam AGE, Mobile Suit Gundam AGE: Memory of Eden, Collection of Key Animation Films, Mobile Suit Gundam: The Origin, Mobile Suit Gundam: Iron-Blooded Orphans, Mobile Suit Gundam: Thunderbolt - December Sky, Mobile Suit Gundam: Iron-Blooded Orphans 2, Mobile Suit Gundam: Thunderbolt 2nd Season, Mobile Suit Gundam: Thunderbolt - Bandit Flower",
    "Voice_actors": "Daryl Lorenz : Ryouhei Kimura, Io Fleming : Yuuichi Nakamura, Burroughs, Claudia Peer : Toa Yukinari, Cornelius Kaka, Graham, J. J. Sexton, Karla Mitchum : Sayaka Oohara, Kou Matsuo\nDirector, Naruyoshi Kikuchi\nMusic, Hirotoshi Takaya\nCharacter Design, Shingo Tamagawa\nAnimation Director \u0026 Key Animator",
    "staff": "Kou Matsuo : Director, Naruyoshi Kikuchi : Music, Hirotoshi Takaya : Character Design, Shingo Tamagawa : Animation Director \u0026 Key Animator"
  },
  {
    "Rank": "2657",
    "Name": "Mobile Suit Gundam: Thunderbolt 2nd Season",
    "Japanese_name": " Kidou Senshi Gundam: Thunderbolt 2nd Season",
    "Type": "Web  ",
    "Episodes": "4.0",
    "Studio": "Sunrise",
    "Release_season": "Winter",
    "Tags": "Action, Mecha, Sci Fi, Seinen, Military, Psychological, Real Robot, War, Based on a Manga, Violence",
    "Rating": "3.71",
    "Release_year": "2017.0",
    "Description": "\u0027Seven months after the One Year War ended, the remnants of the Principality of Zeon reform as the Republic of Zeon and continue to battle. Daryl had piloted the mobile suit Psycho Zaku in the end of the war at the \"Thunderbolt Sector,\" where the Moore Brotherhood\\\u0027s fleet was annihilated. After losing the Psycho Zaku, Daryl descends to Earth and takes up an intelligence position to gain information about the South Seas Alliance, a military group within the Earth Federation. Io, who faced off against Daryl, is selected to pilot the prototype mobile suit Atlas Gundam and heads toward Earth.\u0027",
    "Content_Warning": "Violence",
    "Related_Mange": "Mobile Suit Gundam Thunderbolt, Mobile Suit Gundam Thunderbolt Side Story",
    "Related_anime": "Mobile Suit Gundam: Thunderbolt, Mobile Suit Gundam: Thunderbolt - December Sky, Mobile Suit Gundam: Thunderbolt - Bandit Flower",
    "Voice_actors": "Daryl Lorenz : Ryouhei Kimura, Io Fleming : Yuuichi Nakamura, Claudia Peer : Toa Yukinari, Cornelius Kaka : Daisuke Hirakawa, Karla Mitchum : Sayaka Oohara, Bianca Carlyle : Yurina Furukawa, Billy Hickam : Ryouta Oosaka, Sebastian Morse : Youji Ueda, Kou Matsuo\nDirector, Naruyoshi Kikuchi\nMusic, Hirotoshi Takaya\nCharacter Design, Eriko Kimura\nSound Director",
    "staff": "Kou Matsuo : Director, Naruyoshi Kikuchi : Music, Hirotoshi Takaya : Character Design, Eriko Kimura : Sound Director"
  },
  {
    "Rank": "1180",
    "Name": "Mobile Suit Gundam SEED",
    "Japanese_name": " Kidou Senshi Gundam SEED",
    "Type": "TV   ",
    "Episodes": "50.0",
    "Studio": "Sunrise",
    "Release_season": "Fall ",
    "Tags": "Action, Drama, Mecha, Sci Fi, Outer Space, Real Robot, Rivalries, War, Original Work, Sexual Content",
    "Rating": "3.93",
    "Release_year": "2002.0",
    "Description": "\"The universe of the future is divided between the Earth Alliance and ZAFT. After a year of war, ZAFT attacks the neutral colony Heliopolis to steal five prototype mobile suits. The mission is a success, but a young man named Kira stumbles upon the fifth Gundam, and he may be the Alliance\u0027s only hope...\"",
    "Content_Warning": "Sexual Content",
    "Related_Mange": "Mobile Suit Gundam: Awakening, Escalation, Confrontation (Light Novel), Mobile Suit Gundam ZZ, Mobile Suit Gundam: The Revival of Zeon, Mobile Suit Gundam: New Revival of Zeon, Mobile Suit Gundam: Hathaway\u0027s Flash (Light Novel), Mobile Suit Gundam F90, Mobile Suit Gundam 0079, Mobile Suit Crossbone Gundam, Mobile Fighter G Gundam, Record of MS War: Mobile Suit Gundam Abridged, Mobile Suit Gundam Wing, Mobile Suit Gundam Side Story: The Blue Destiny, Mobile Suit Gundam: Silhouette Formula 91, Mobile Suit Gundam Wing: Episode Zero, Mobile Suit Gundam Wing: Battlefield of Pacifists, Mobile Suit Gundam: The Last Outpost, Mobile Suit Gundam Wing: Ground Zero, Mobile Suit Gundam Wing: Endless Waltz, Mobile Suit Gundam Wing: Blind Target, Mobile Suit Gundam: Ecole du Ciel, Mobile Suit Gundam Developers: Before the One Year War, Mobile Suit Gundam: The Origin, Mobile Suit Gundam: Char\u0027s Deleted Affair ~ Portrait of Young Comet, Mobile Suit Gundam SEED Astray, Mobile Suit Gundam: Lost War Chronicles, Mobile Suit Gundam SEED Astray R, Mobile Suit Gundam SEED, Nightmare of Solomon, Mobile Suit Gundam Seed (Light Novel), Mobile Suit Gundam: The Anthology, Mobile Suit Gundam SEED X Astray, Mobile New Century Gundam X: Under the Moonlight, Mobile Suit Gundam SEED Destiny Astray, Mobile Suit Gundam SEED Destiny, Mobile Suit Gundam SEED C.E. 73 Delta Astray, Mobile Suit Zeta Gundam 1/2, Mobile Suit Gundam Climax U.C., Mobile Suit Gundam SEED Frame Astrays, Mobile Suit Gundam: The Gihren Assassination Plot, Mobile Suit Gundam 00, Mobile Suit Gundam 00 in those days, Mobile Suit Gundam 00F, Mobile Suit Gundam 00 2nd Season, Mobile Suit Gundam 001, Mobile Suit Gundam Unicorn: Bande Dessinee, Mobile Suit Gundam: Char\u0027s Counterattack - Beyond the Time, Mobile Suit Gundam Wing: Glory of the Losers, Mobile Suit Gundam AGE, Mobile Suit Gundam: MSV-R - Fabulous Shin Matsunaga, Mobile Suit Gundam: Hunter of Black Clothes, Mobile Suit Moon Gundam",
    "Related_anime": "Mobile Suit Gundam SEED PROJECT Ignited, Mobile Suit SD Gundam Mk I, Mobile Suit Gundam: Char\u0027s Counterattack, All That Gundam, Mobile Suit SD Gundam no Gyakushuu: Arashi wo Yobu Gakuensai, Mobile Suit Victory Gundam, Mobile Fighter G Gundam, Mobile Suit Gundam: More Information on the Universal Century, Mobile Suit Gundam: The 08th MS Team, Gundam: Mission To The Rise, Mobile Suit Gundam Evolve, Mobile Suit Gundam SEED MSV Astray, Mobile Suit Gundam MS IGLOO: The Hidden One Year War, Mobile Suit Gundam SEED Movie I: The Empty Battlefield, Mobile Suit Gundam SEED Movie II: The Far-Away Dawn, Mobile Suit Gundam SEED Movie III: The Rumbling Sky, Mobile Suit Gundam SEED: After Phase: In the Valley of Stars, Mobile Suit Gundam SEED Destiny, Mobile Suit Gundam SEED Destiny Final Plus: The Chosen Future, Mobile Suit Gundam SEED C.E.73: Stargazer, Mobile Suit Gundam SEED Destiny Special Edition I: The Broken World, Mobile Suit Gundam SEED Destiny Special Edition II: Respective Swords, Mobile Suit Gundam SEED Destiny Special Edition III: The Hell Fire of Destiny, Mobile Suit Gundam SEED Character Theater, Mobile Suit Gundam SEED Destiny Special Edition IV: The Cost of Freedom, 30th Gundam Perfect Mission, Ring of Gundam, Mokei Senshi Gunpla Builders Beginning G, Chou Denei-ban SD Gundam Sangokuden Brave Battle Warriors, Collection of Key Animation Films, Mobile Suit Gundam: The Origin, Mobile Suit Gundam: Twilight Axis",
    "Voice_actors": "Athrun Zala : Akira Ishida, Cagalli Yula Athha : Naomi Shindou, Kira Yamato : Souichirou Hoshi, Lacus Clyne : Rie Tanaka, Dearka Elsman : Akira Sasanuma, Flay Allster : Houko Kuwashima, Miriallia Haw : Megumi Toyoguchi, Mu La Flaga : Takehito Koyasu, Mitsuo Fukuda\nDirector, Toshihiko Sahashi\nMusic, Hisashi Hirai\nCharacter Design, Shigemi Ikeda\nArt Director, Fumikuni Furusawa\nProducer, Seiji Takeda\nProducer, Shintarou Inokawa\nEpisode Director, Kazuhito Kikuchi\nStoryboard",
    "staff": "Mitsuo Fukuda : Director, Toshihiko Sahashi : Music, Hisashi Hirai : Character Design, Shigemi Ikeda : Art Director, Fumikuni Furusawa : Producer, Seiji Takeda : Producer, Shintarou Inokawa : Episode Director, Kazuhito Kikuchi : Storyboard"
  },
  {
    "Rank": "4079",
    "Name": "Mobile Suit Gundam SEED C.E.73: Stargazer",
    "Japanese_name": " Gundam SEED CE73 Stargazer",
    "Type": "Web  ",
    "Episodes": "3.0",
    "Studio": "Sunrise",
    "Release_season": "Summer",
    "Tags": "Mecha, Sci Fi, Outer Space, Real Robot, Violence",
    "Rating": "3.57",
    "Release_year": "2006.0",
    "Description": "\u0027After the event of Junius Seven crashing into Earth, wars and chaos have spread throughout humankind once again. Sven Cal Bayan, a 19 year old natural and a part of the special forces named \"Phantom Pain\", pilots the Strike Noir to destroy all coordinators. Selene McGriff, a researcher for the Deep Space survey and Development Organization, escapes from Earth and continues her project of Stargazer. Unknowingly, their destiny will cross and new battles will begin.\u0027",
    "Content_Warning": "Violence",
    "Related_Mange": "Mobile Suit Gundam SEED Astray, Mobile Suit Gundam SEED",
    "Related_anime": "Mobile Suit Gundam SEED, Mobile Suit Gundam SEED MSV Astray, Mobile Suit Gundam SEED Movie I: The Empty Battlefield, Mobile Suit Gundam SEED Movie II: The Far-Away Dawn, Mobile Suit Gundam SEED Movie III: The Rumbling Sky, Mobile Suit Gundam SEED: After Phase: In the Valley of Stars, Mobile Suit Gundam SEED Destiny, Mobile Suit Gundam SEED Destiny Final Plus: The Chosen Future, Mobile Suit Gundam SEED Destiny Special Edition I: The Broken World, Mobile Suit Gundam SEED Destiny Special Edition II: Respective Swords, Mobile Suit Gundam SEED Destiny Special Edition III: The Hell Fire of Destiny, Mobile Suit Gundam SEED Character Theater, Mobile Suit Gundam SEED Destiny Special Edition IV: The Cost of Freedom",
    "Voice_actors": "Selene Mcgriff : Sayaka Oohara, Sven Cal Bayan : Daisuke Ono, Edmond Du Clos : Jouji Nakata, Mudie Holcroft : Rina Satou, Shams Couza : Hiroshi Kamiya, Sol Ryuune L\u0027Ange : Jun Fukushima, Auel Neider, Dr. Moriseiwa : Kazuhiko Kishino, Susumu Nishizawa\nDirector, Megumi Oohashi\nMusic, Kenichi Oonuki\nCharacter Design, Shigemi Ikeda\nArt Director, Hiroomi Ikeya\nProducer, Hiroko Kuwazono\nProducer",
    "staff": "Susumu Nishizawa : Director, Megumi Oohashi : Music, Kenichi Oonuki : Character Design, Shigemi Ikeda : Art Director, Hiroomi Ikeya : Producer, Hiroko Kuwazono : Producer"
  }
]