[
  {
    "Rank": "3425",
    "Name": "Yuuna and the Haunted Hot Springs",
    "Japanese_name": " Yuragi-sou no Yuuna-san",
    "Type": "TV   ",
    "Episodes": "12.0",
    "Studio": "XEBEC",
    "Release_season": "Summer",
    "Tags": "Ecchi, Harem, Romance, Shounen, Slice of Life, Boarding House, Demons, Ghosts, Neighbors, Supernatural, Youkai, Based on a Manga, Nudity",
    "Rating": "3.63",
    "Release_year": "2018.0",
    "Description": "\u0027Kogarashi Fuyuzora is a \"hands on\" psychic. Ever since the day he got possessed by an evil ghost, he has been burdened with debt. Needing a cheap room to rent, he winds up at a haunted hot springs inn, Yuragi Inn, where only incredibly beautiful girls reside. Amongst the residents is a ghost, Yuuna, who cannot move on to the spirit world. Despite the resistance from the current tenants that are all girls, Kogarashi manages to start his new life at Yuragi Inn.\u0027",
    "Content_Warning": "Nudity",
    "Related_Mange": "Yuuna and the Haunted Hot Springs",
    "Related_anime": "Yuuna and the Haunted Hot Springs OVA",
    "Voice_actors": "Kogarashi Fuyuzora : Yuuki Ono, Yuuna Yunohana : Miyuri Shimabukuro, Chisaki Miyazaki : Eri Suzuki, Chitose Nakai : Sayaka Harada, Koyuzu Shigaraki : Anzu Haruno, Nonko Arahabaki : Ai Kakuma, Oboro : Mikako Komatsu, Sagiri Ameno : Rie Takahashi, Tadahiro Miura\nOriginal Creator, Tsuyoshi Nagasawa\nDirector, Tomoki Kikuya\nMusic, Kyouko Takeya\nCharacter Design, Nobuhiro Nakayama\nProducer, Tomoyuki Oowada\nProducer, Takamitsu Sueyoshi\nProducer, Takumi Kusakabe\nProducer",
    "staff": "Tadahiro Miura : Original Creator, Tsuyoshi Nagasawa : Director, Tomoki Kikuya : Music, Kyouko Takeya : Character Design, Nobuhiro Nakayama : Producer, Tomoyuki Oowada : Producer, Takamitsu Sueyoshi : Producer, Takumi Kusakabe : Producer"
  },
  {
    "Rank": "8002",
    "Name": "Sorcerer Hunters",
    "Japanese_name": " Bakuretsu Hunter",
    "Type": "TV   ",
    "Episodes": "26.0",
    "Studio": "XEBEC",
    "Release_season": "Fall ",
    "Tags": "Action, Adventure, Ecchi, Fantasy, Magic, Based on a Manga, Violence",
    "Rating": "3.34",
    "Release_year": "1995.0",
    "Description": "\"The Sorcerer Hunters spend their days imprisoning magic users who\u0027ve decided to use their powers for evil. But now, they\u0027ve become the hunted as the ancient wizard Zahha Torte seeks to take control of the world by unleashing the God of Destruction--a god that lies dormant inside one of the Hunters!\"",
    "Content_Warning": "Violence",
    "Related_Mange": "Sorcerer Hunters",
    "Related_anime": "Sorcerer Hunters OVA, Sorcerer On The Rocks",
    "Voice_actors": "Carrot Glace : Shinnosuke Furumoto, Chocolate Misu : Yuuko Mizutani, Gateau Mocha : Kiyoyuki Yanada, Marron Glace : Mitsuaki Madono, Tira Misu : Megumi Hayashibara, Big Momma : Sumi Shimamoto, Dotta : Sakiko Tamagawa, Millefeuille : Yasuyuki Hirata, Rei Omishi\nOriginal Creator, Satoru Akahori\nOriginal Creator \u0026 Screenplay, Kouichi Mashimo\nDirector, Hiroyuki Kawasaki\nScreenplay \u0026 Series Composition, Kenji Kawai\nMusic, Keiji Gotou\nCharacter Design, Noriko Kobayashi\nProducer, Yukinao Shimoji\nProducer",
    "staff": "Rei Omishi : Original Creator, Satoru Akahori : Original Creator \u0026 Screenplay, Kouichi Mashimo : Director, Hiroyuki Kawasaki : Screenplay \u0026 Series Composition, Kenji Kawai : Music, Keiji Gotou : Character Design, Noriko Kobayashi : Producer, Yukinao Shimoji : Producer"
  }
]