[
  {
    "Rank": "6890",
    "Name": "Dropkick on My Devil! (Web)",
    "Japanese_name": " Jashin-chan Dropkick (Web)",
    "Type": "Web  ",
    "Episodes": "1.0",
    "Studio": "Nomad",
    "Release_season": "Fall ",
    "Tags": "Action, Comedy, Fantasy, Seinen, Slice of Life, Angels, Breaking the Fourth Wall, Contemporary Fantasy, Dark Comedy, Demons, Gag, Monster Girls, Non-Human Protagonists, Slapstick, Based on a Manga, Violence",
    "Rating": "3.4",
    "Release_year": "2018.0",
    "Description": "\u0027No synopsis yet - check back soon!\u0027",
    "Content_Warning": "Violence",
    "Related_Mange": "Dropkick on My Devil!",
    "Related_anime": "Dropkick on My Devil!, Dropkick on My Devil!! Dash, Dropkick on My Devil!! Dash: Chapter Chitose",
    "Voice_actors": "Jashin : Aina Suzuki, Yurine Hanazono : Nichika Omori, Medusa : Miyu Kubota, Minos : Chiaki Omigawa, Pekora : Yurie Kozakai, Persephone Ii : Riho Iida, Beth, Kori : Miko Terada, Yukiwo\nOriginal Creator, Hikaru Satou\nDirector, Yuzuru Jinma\nMusic, Yuki Kurihara\nMusic, Makoto Koga\nCharacter Design",
    "staff": "Yukiwo : Original Creator, Hikaru Satou : Director, Yuzuru Jinma : Music, Yuki Kurihara : Music, Makoto Koga : Character Design"
  },
  {
    "Rank": "3189",
    "Name": "Dropkick on My Devil!! Dash",
    "Japanese_name": " Jashin-chan Dropkick\u0027",
    "Type": "TV   ",
    "Episodes": "11.0",
    "Studio": "Nomad",
    "Release_season": "Spring",
    "Tags": "Comedy, Fantasy, Slice of Life, Angels, Breaking the Fourth Wall, Contemporary Fantasy, Dark Comedy, Demons, Gag, Monster Girls, Non-Human Protagonists, Roommates, Slapstick, Urban Fantasy, Based on a Manga, Violence",
    "Rating": "3.65",
    "Release_year": "2020.0",
    "Description": "\u0027Jashin-chan looks back on the day Hanazono Yurine summoned her. So long as Yurine lives, Jashin-chan can\\\u0027t return to Hell. So Jashin-chan writes Yurine\\\u0027s name in her \"Death NOT\" and swears that she\\\u0027s finally going to land that dropkick on Yurine. Meanwhile, a former subordinate of Pekola and Poporon, Pino, shows up. Pekola is overjoyed believing God has finally sent someone to bring her home; however, in Pino\\\u0027s hand is a weapon...\u0027",
    "Content_Warning": "Violence",
    "Related_Mange": "Dropkick on My Devil!",
    "Related_anime": "Dropkick on My Devil!, Dropkick on My Devil! (Web), Dropkick on My Devil!! Dash: Chapter Chitose, Dropkick on My Devil! X",
    "Voice_actors": "Jashin : Aina Suzuki, Yurine Hanazono : Nichika Omori, Medusa : Miyu Kubota, Minos : Chiaki Omigawa, Pekora : Yurie Kozakai, Persephone Ii : Riho Iida, Pino : Marina Yamada, Poporon : Rico Sasaki, Yukiwo\nOriginal Creator, Hikaru Satou\nChief Director, Takanori Yano\nDirector, Yuzuru Jinma\nMusic, Yuki Kurihara\nMusic, Makoto Koga\nCharacter Design",
    "staff": "Yukiwo : Original Creator, Hikaru Satou : Chief Director, Takanori Yano : Director, Yuzuru Jinma : Music, Yuki Kurihara : Music, Makoto Koga : Character Design"
  },
  {
    "Rank": "9908",
    "Name": "Dropkick on My Devil!",
    "Japanese_name": " Jashin-chan Dropkick",
    "Type": "TV   ",
    "Episodes": "11.0",
    "Studio": "Nomad",
    "Release_season": "Summer",
    "Tags": "Comedy, Fantasy, Seinen, Slice of Life, Angels, Breaking the Fourth Wall, Contemporary Fantasy, Dark Comedy, Demons, Gag, Monster Girls, Non-Human Protagonists, Roommates, Slapstick, Urban Fantasy, Based on a Manga, Violence",
    "Rating": "3.23",
    "Release_year": "2018.0",
    "Description": "\"Jashin-chan, a devil from Hell was abruptly summoned to the human world by Yurine Hanazono, a stoic college student who lives in a run-down apartment in Jinbocho. They\u0027re forced to become roommates since Yurine doesn\u0027t know how to send Jashin-chan back. But according to Jashin-chan, she could return by killing Yurine, so she takes action...?! A viperous roomie comedy that keeps you on your toes!\"",
    "Content_Warning": "Violence",
    "Related_Mange": "Dropkick on My Devil!",
    "Related_anime": "Dropkick on My Devil! (Web), Dropkick on My Devil!! Dash, Dropkick on My Devil!! Dash: Chapter Chitose, Dropkick on My Devil! X",
    "Voice_actors": "Jashin : Aina Suzuki, Yurine Hanazono : Nichika Omori, Medusa : Miyu Kubota, Minos : Chiaki Omigawa, Pekora : Yurie Kozakai, Poporon : Rico Sasaki, Beth, Devil A : Kouji Yusa, Yukiwo\nOriginal Creator, Hikaru Satou\nDirector, Yuzuru Jinma\nMusic, Yuki Kurihara\nMusic, Makoto Koga\nCharacter Design, Shinji Oomori\nProducer",
    "staff": "Yukiwo : Original Creator, Hikaru Satou : Director, Yuzuru Jinma : Music, Yuki Kurihara : Music, Makoto Koga : Character Design, Shinji Oomori : Producer"
  }
]