[
  {
    "Rank": "30",
    "Name": "That Time I Got Reincarnated as a Slime Season 2: Part II",
    "Japanese_name": " Tensei Shitara Slime Datta Ken Season 2: Part II",
    "Type": "TV   ",
    "Episodes": "12.0",
    "Studio": "8-Bit",
    "Release_season": "Summer",
    "Tags": "Action, Adventure, Fantasy, Shounen, Cheats, Demons, Isekai, Kingdom Building, Magic, Management, Modern Knowledge, Monsters, Person in a Strange World, Political, Reincarnation, RPG, Slimes, Based on a Manga, Physical Abuse",
    "Rating": "4.45",
    "Release_year": "2021.0",
    "Description": "\u0027Continuation of That Time I Got Reincarnated as a Slime Season 2.\u0027",
    "Content_Warning": "Physical Abuse",
    "Related_Mange": "That Time I Got Reincarnated as a Slime (Light Novel), That Time I Got Reincarnated as a Slime, That Time I Got Reincarnated as a Slime: The Ways of the Monster Nation, The Slime Diaries: That Time I Got Reincarnated as a Slime, That Time I Got Reincarnated (Again!) as a Workaholic Slime, Tenchura! Tensei Shitara Slime Datta Ken, That Time I Got Reincarnated as a Slime: Trinity in Tempest",
    "Related_anime": "That Time I Got Reincarnated as a Slime, That Time I Got Reincarnated as a Slime OVA, That Time I Got Reincarnated as a Slime Season 2, The Slime Diaries: That Time I Got Reincarnated as a Slime, That Time I Got Reincarnated as a Slime Movie",
    "Voice_actors": "Rimuru Tempest : Miho Okazaki, Benimaru : Makoto Furukawa, Clayman : Takehito Koyasu, Milim Nava : Rina Hidaka, Ranga : Chikahiro Kobayashi, Shion : M.A.O., Veldora Tempest : Tomoaki Maeno, Adalman : Tomokazu Sugita, Fuse\nOriginal Creator, Mitz Vah\nOriginal Character Design",
    "staff": "Fuse : Original Creator, Mitz Vah : Original Character Design"
  },
  {
    "Rank": "60",
    "Name": "That Time I Got Reincarnated as a Slime",
    "Japanese_name": " Tensei Shitara Slime Datta Ken",
    "Type": "TV   ",
    "Episodes": "24.0",
    "Studio": "8-Bit",
    "Release_season": "Fall ",
    "Tags": "Action, Adventure, Comedy, Fantasy, Shounen, Cheats, Demons, Isekai, Kingdom Building, Magic, Management, Modern Knowledge, Monsters, Non-Human Protagonists, Overpowered Main Characters, Person in a Strange World, Political, Reincarnation, RPG, Slimes, Based on a Manga, Violence",
    "Rating": "4.39",
    "Release_year": "2018.0",
    "Description": "\u0027Lonely thirty-seven-year-old Satoru Mikami is stuck in a dead-end job, unhappy with his mundane life, but after dying at the hands of a robber, he awakens to a fresh start in a fantasy realm...as a slime monster! As he acclimates to his goopy new existence, his exploits with the other monsters set off a chain of events that will change his new world forever!\u0027",
    "Content_Warning": "Violence",
    "Related_Mange": "That Time I Got Reincarnated as a Slime (Light Novel), That Time I Got Reincarnated as a Slime, That Time I Got Reincarnated as a Slime: The Ways of the Monster Nation, The Slime Diaries: That Time I Got Reincarnated as a Slime, That Time I Got Reincarnated (Again!) as a Workaholic Slime, Tenchura! Tensei Shitara Slime Datta Ken, That Time I Got Reincarnated as a Slime: Trinity in Tempest",
    "Related_anime": "That Time I Got Reincarnated as a Slime: Veldora\u0027s Journal, That Time I Got Reincarnated as a Slime OVA, That Time I Got Reincarnated as a Slime: Digression - Hinata Sakaguchi, That Time I Got Reincarnated as a Slime Season 2, The Slime Diaries: That Time I Got Reincarnated as a Slime, That Time I Got Reincarnated as a Slime Season 2: Veldora\u0027s Journal, That Time I Got Reincarnated as a Slime Season 2: Part II, That Time I Got Reincarnated as a Slime Movie",
    "Voice_actors": "Rimuru Tempest : Takuma Terashima, Alice Rondo : Haruka Shiraishi, Benimaru : Makoto Furukawa, Chloe Aubert : Azusa Tadokoro, Gabiru : Jun Fukushima, Gale Gibson : Gen Satou, Gobta : Asuna Tomari, Hakurou : Houchuu Ootsuka, Fuse\nOriginal Creator, Mitz Vah\nOriginal Character Design, Yasuhito Kikuchi\nDirector, Elements Garden\nMusic, Ryouma Ebata\nCharacter Design",
    "staff": "Fuse : Original Creator, Mitz Vah : Original Character Design, Yasuhito Kikuchi : Director, Elements Garden : Music, Ryouma Ebata : Character Design"
  },
  {
    "Rank": "737",
    "Name": "The Eden of Grisaia",
    "Japanese_name": " Grisaia no Rakuen",
    "Type": "TV   ",
    "Episodes": "10.0",
    "Studio": "8-Bit",
    "Release_season": "Spring",
    "Tags": "Action, Drama, Sci Fi, Guns, Military, Based on a Visual Novel, Nudity,, Sexual Content,, Violence",
    "Rating": "4.04",
    "Release_year": "2015.0",
    "Description": "\u0027The girls of Mihama Academy discover the dark past of Yuuji Kazami when the terrorist Heath Oslo reappears with plans to reclaim his protege. Sachi, Amane, Michiru, Chizuru, and Yumiko must orchestrate a plan to free Yuuji, who also finds himself face to face with his long lost sister Kazuki.\u0027",
    "Content_Warning": "Nudity,, Sexual Content,, Violence",
    "Related_Mange": "The Labyrinth of Grisaia: Sanctuary Fellows, The Eden of Grisaia: Sanctuary Fellows, Grisaia: Phantom Trigger - Sekai no Hate",
    "Related_anime": "The Fruit of Grisaia, The Fruit of Grisaia Specials, The Labyrinth of Grisaia, The Labyrinth of Grisaia Special, The Eden of Grisaia Specials, Grisaia: Phantom Trigger",
    "Voice_actors": "Amane Suou : Hiroko Taguchi, Makina Irisu : Tomoe Tamiyasu, Michiru Matsushima : Kaori Mizuhashi, Sachi Komine : Ai Shimizu, Yumiko Sakaki : Ryouko Tanaka, Yuuji Kazami : Takahiro Sakurai, Agnes Garrett : Mii Kobayashi, Asako Kusakabe : Kei Mizusawa, Akio Watanabe\nCharacter Design \u0026 Chief Animation Director \u0026 Original Character Design, Motoki Tanaka\nDirector, Junpei Fujita\nMusic, Hitoshi Fujima\nMusic, Daisuke Kikuta\nMusic, Haruki Mori\nMusic, Seima Iwahashi\nMusic, Tomohiro Kita\nMusic",
    "staff": "Akio Watanabe : Character Design \u0026 Chief Animation Director \u0026 Original Character Design, Motoki Tanaka : Director, Junpei Fujita : Music, Hitoshi Fujima : Music, Daisuke Kikuta : Music, Haruki Mori : Music, Seima Iwahashi : Music, Tomohiro Kita : Music"
  },
  {
    "Rank": "1529",
    "Name": "The Fruit of Grisaia",
    "Japanese_name": " Grisaia no Kajitsu",
    "Type": "TV   ",
    "Episodes": "13.0",
    "Studio": "8-Bit",
    "Release_season": "Fall ",
    "Tags": "Drama, Ecchi, Romance, Boarding School, Panty Shots, Psychological, School Life, Based on an Eroge, Based on a Visual Novel, Animal Abuse,, Emotional Abuse,, Mature Themes,, Nudity,, Suicide",
    "Rating": "3.86",
    "Release_year": "2014.0",
    "Description": "\u0027Mihama Academy is a prison-like school built to preserve fruit that has fallen too far from its tree. It is home to five female students who each have their reasons for enrolling in the academy and live their life idly within the walls of Mihama. One day, Kazami Yuuji the institute�s first male student arrives and throws the orderly rhythm of Mihama off balance. Is Yuuji what the girls need to hold of their lives once more, or will the weight of their pasts prove too steep a wall to overcome? Or is his past even heavier than any of the others?\u0027",
    "Content_Warning": "Animal Abuse,, Emotional Abuse,, Mature Themes,, Nudity,, Suicide",
    "Related_Mange": "The Fruit of Grisaia: Sanctuary Fellows, The Fruit of Grisaia: Blue Bird, The Labyrinth of Grisaia: Sanctuary Fellows, The Eden of Grisaia: Sanctuary Fellows, Grisaia: Phantom Trigger - Sekai no Hate",
    "Related_anime": "The Fruit of Grisaia Specials, The Labyrinth of Grisaia, The Eden of Grisaia, The Labyrinth of Grisaia Special, The Eden of Grisaia Specials, Grisaia: Phantom Trigger",
    "Voice_actors": "Amane Suou : Hiroko Taguchi, Makina Irisu : Tomoe Tamiyasu, Michiru Matsushima : Kaori Mizuhashi, Sachi Komine : Ai Shimizu, Yumiko Sakaki : Ryouko Tanaka, Yuuji Kazami : Takahiro Sakurai, Kazuki Kazami :  Akane Tomonaga, Yuria Harudera : Erika Narumi, Akio Watanabe\nCharacter Design \u0026 Chief Animation Director \u0026 Original Character Design, Motoki Tanaka\nDirector, Junpei Fujita\nMusic, Hitoshi Fujima\nMusic, Daisuke Kikuta\nMusic, Haruki Mori\nMusic, Mitsutoshi Ogura\nProducer, Asuka Yamazaki\nProducer",
    "staff": "Akio Watanabe : Character Design \u0026 Chief Animation Director \u0026 Original Character Design, Motoki Tanaka : Director, Junpei Fujita : Music, Hitoshi Fujima : Music, Daisuke Kikuta : Music, Haruki Mori : Music, Mitsutoshi Ogura : Producer, Asuka Yamazaki : Producer"
  }
]