[
  {
    "Rank": "1379",
    "Name": "Cautious Hero: The Hero Is Overpowered but Overly Cautious",
    "Japanese_name": " Kono Yuusha ga Ore Tueee Kuse ni Shinchou Sugiru",
    "Type": "TV   ",
    "Episodes": "12.0",
    "Studio": "WHITE FOX",
    "Release_season": "Fall ",
    "Tags": "Action, Adventure, Comedy, Fantasy, Demons, Gods, Isekai, Magic, Non-Human Protagonists, Overpowered Main Characters, Person in a Strange World, RPG, Summoned Into Another World, Based on a Light Novel, Violence",
    "Rating": "3.89",
    "Release_year": "2019.0",
    "Description": "\u0027In the world of Gaeabrande, Goddess Ristarte is tasked with summoning a hero to save her world. The hero, Seiya Ryuuguuin, is an OVERLY cautious hero who�s obsessed with muscle training and buying armor before setting out to deal with low level creatures. It�s simply one overly cautious mission at-a-time for this invincible hero!\u0027",
    "Content_Warning": "Violence",
    "Related_Mange": "The Hero Is Overpowered But Overly Cautious (Light Novel), The Hero Is Overpowered But Overly Cautious",
    "Related_anime": "Cautious Hero: The Hero Is Overpowered but Overly Cautious Recap",
    "Voice_actors": "Ristarte : Aki Toyosaki, Seiya Ryuuguuin : Yuuichirou Umehara, Ariadoa : Hibiku Yamamura, Cerceus : Atsushi Ono, Elulu : Aoi Koga, Mash : Kengo Kawanishi, Rosalie Roseguard : Yumiri Hanamori, Adenela : Shiori Izawa, Light Tsuchihi\nOriginal Creator, Masayuki Sakoi\nDirector, Kenta Ihara\nScreenplay \u0026 Series Composition, Yoshiaki Fujisawa\nMusic, Mai Toda\nCharacter Design, Mitsuhiro Ogata\nProducer, Kazufumi Kikushima\nProducer, Takumi Morii\nProducer",
    "staff": "Light Tsuchihi : Original Creator, Masayuki Sakoi : Director, Kenta Ihara : Screenplay \u0026 Series Composition, Yoshiaki Fujisawa : Music, Mai Toda : Character Design, Mitsuhiro Ogata : Producer, Kazufumi Kikushima : Producer, Takumi Morii : Producer"
  },
  {
    "Rank": "170",
    "Name": "Re:ZERO -Starting Life in Another World- Season 2",
    "Japanese_name": " Re:Zero Kara Hajimeru Isekai Seikatsu Season 2",
    "Type": "TV   ",
    "Episodes": "13.0",
    "Studio": "WHITE FOX",
    "Release_season": "Summer",
    "Tags": "Action, Adventure, Drama, Fantasy, Cheats, Dark Fantasy, Isekai, Magic, Person in a Strange World, Psychological, Summoned Into Another World, Thriller, Time Travel, Based on a Light Novel, Explicit Violence",
    "Rating": "4.28",
    "Release_year": "2020.0",
    "Description": "\u0027Second season of Re:ZERO -Starting Life in Another World-\u0027",
    "Content_Warning": "Explicit Violence",
    "Related_Mange": "Re:ZERO -Starting Life in Another World- (Light Novel), Kenki Renka: Re:ZERO kara Hajimeru Isekai Seikatsu - Shinmei-tan, Re:ZERO kara Hajimeru Isekai Seikatsu - Zenjutsu-tan: Hyouketsu no Kizuna - Before Memories (Light Novel), Re:Zero kara Hajimeru Isekai Seikatsu: Hyouketsu no Kizuna",
    "Related_anime": "Re:ZERO -Starting Life in Another World-, Re:ZERO -Starting Life in Another World- Memory Snow, Re:ZERO -Starting Life in Another World- The Frozen Bond, Re:ZERO -Starting Break Time From Zero- 2nd Season, Re:ZERO -Starting Life in Another World- Season 2: Part II",
    "Voice_actors": "Emilia : Rie Takahashi, Subaru Natsuki : Yusuke Kobayashi, Beatrice : Satomi Arai, Echidna : Maaya Sakamoto, Garfiel Tinzel : Nobuhiko Okamoto, Otto Suwen : Kouhei Amasaki, Ram : Rie Murakawa, Roswaal L. Mathers : Takehito Koyasu, Tappei Nagatsuki\nOriginal Creator, Masaharu Watanabe\nDirector, Kenichirou Suehiro\nMusic, Kyuuta Sakai\nCharacter Design, Mitsuhiro Ogata\nProducer, Shou Tanaka\nProducer, Eriko Aoki\nProducer, Aya Iizuka\nProducer",
    "staff": "Tappei Nagatsuki : Original Creator, Masaharu Watanabe : Director, Kenichirou Suehiro : Music, Kyuuta Sakai : Character Design, Mitsuhiro Ogata : Producer, Shou Tanaka : Producer, Eriko Aoki : Producer, Aya Iizuka : Producer"
  },
  {
    "Rank": "311",
    "Name": "Re:ZERO -Starting Life in Another World-",
    "Japanese_name": " Re:Zero Kara Hajimeru Isekai Seikatsu",
    "Type": "TV   ",
    "Episodes": "25.0",
    "Studio": "WHITE FOX",
    "Release_season": "Spring",
    "Tags": "Action, Adventure, Drama, Fantasy, Romance, Seinen, Cheats, Dark Fantasy, Isekai, Magic, NEET, Person in a Strange World, Psychological, Summoned Into Another World, Thriller, Time Travel, Based on a Light Novel, Explicit Violence",
    "Rating": "4.2",
    "Release_year": "2016.0",
    "Description": "\"Natsuki Subaru, an ordinary high school student, is on his way home from the convenience store when he finds himself transported to another world. As he\u0027s lost and confused in a new world where he doesn\u0027t even know left from right, the only person to reach out to him was a beautiful girl with silver hair. Determined to repay her somehow for saving him from his own despair, Subaru agrees to help the girl find something she\u0027s looking for...\"",
    "Content_Warning": "Explicit Violence",
    "Related_Mange": "Re:ZERO -Starting Life in Another World- (Light Novel), Re:ZERO -Starting Life in Another World- Chapter 1: A Day in the Capital, Re:ZERO -Starting Life in Another World- Chapter 2: A Week at the Mansion, Re:ZERO kara Hajimeru Isekai Seikatsu Tanpenshuu (Light Novel), Re:ZERO -Starting Life in Another World- Chapter 3: Truth of Zero, Re:ZERO -Starting Life in Another World- Ex (Light Novel), Re:ZERO Kara Hajimeru Isekai Seikatsu Official Anthology, Kenki Renka: Re:ZERO kara Hajimeru Isekai Seikatsu - Shinmei-tan, Re:ZERO -Starting Life in Another World- Chapter 4: Sanctuary and Witch of Greed, Re:ZERO kara Hajimeru Isekai Seikatsu - Zenjutsu-tan: Hyouketsu no Kizuna - Before Memories (Light Novel), Re:Zero kara Hajimeru Isekai Seikatsu: Hyouketsu no Kizuna",
    "Related_anime": "Re:ZERO -Starting Break Time From Zero-, Re:Petit Kara Hajimeru Isekai Seikatsu, Re:ZERO -Starting Life in Another World- Memory Snow, Isekai Quartet, Re:ZERO -Starting Life in Another World- The Frozen Bond, Isekai Quartet 2, Re:ZERO -Starting Life in Another World- Season 2, Re:ZERO -Starting Life in Another World- Season 2: Part II",
    "Voice_actors": "Emilia : Rie Takahashi, Rem : Inori Minase, Subaru Natsuki : Yusuke Kobayashi, Beatrice : Satomi Arai, Crusch Karsten : Yuka Iguchi, Felix Argyle : Yui Horie, Felt : Chinatsu Akasaki, Julius Euclius : Takuya Eguchi, Tappei Nagatsuki\nOriginal Creator, Masaharu Watanabe\nDirector, Kenichirou Suehiro\nMusic, Kyuuta Sakai\nCharacter Design, Yoshikazu Beniya\nProducer, Shou Tanaka\nProducer, Eriko Aoki\nProducer, Kazuo Oonuki\nProducer",
    "staff": "Tappei Nagatsuki : Original Creator, Masaharu Watanabe : Director, Kenichirou Suehiro : Music, Kyuuta Sakai : Character Design, Yoshikazu Beniya : Producer, Shou Tanaka : Producer, Eriko Aoki : Producer, Kazuo Oonuki : Producer"
  }
]