[
  {
    "Rank": "1787",
    "Name": "How NOT to Summon a Demon Lord",
    "Japanese_name": " Isekai Maou to Shoukan Shoujo no Dorei Majutsu",
    "Type": "TV   ",
    "Episodes": "12.0",
    "Studio": "Ajia-do",
    "Release_season": "Summer",
    "Tags": "Action, Comedy, Ecchi, Fantasy, Shounen, Demon King, Demons, Isekai, Magic, Overpowered Main Characters, Person in a Strange World, RPG, Summoned Into Another World, Trapped in a Video Game, Based on a Light Novel, Sexual Content,, Violence",
    "Rating": "3.82",
    "Release_year": "2018.0",
    "Description": "\u0027An elite but socially-stunted gamer finds himself in another world, inhabiting the body of his character Diablo. But despite his powers, his awkwardness keeps getting in the way�so he decides to pretend to be a Demon Lord and soon finds himself with a pair of slaves: a well-endowed elf and a cat girl. Together, they struggle with everything from interpersonal relationships to diabolical beast battles!\u0027",
    "Content_Warning": "Sexual Content,, Violence",
    "Related_Mange": "How NOT to Summon a Demon Lord (Light Novel), How NOT to Summon a Demon Lord",
    "Related_anime": "How NOT to Summon a Demon Lord: Omega",
    "Voice_actors": "Diablo : Fumiko Uchimura, Rem Galeu : Azumi Waki, Shera L. Greenwood : Yuu Serizawa, Alicia Cristela : Yumi Hara, Edelgard : Emiri Katou, Klem : Atsumi Tanezaki, Sylvie : Rumi Ookubo, Alicia\u0027S Father : Takaaki Uchino, Yuuta Murano\nDirector, Yusuke Kato\nMusic, Shizue Kaneko\nCharacter Design, Seiji Suzuki\nProducer, Makoto Furukawa\nProducer, Souji Miyagi\nProducer, Hideo Momota\nProducer, Youko Baba\nProducer",
    "staff": "Yuuta Murano : Director, Yusuke Kato : Music, Shizue Kaneko : Character Design, Seiji Suzuki : Producer, Makoto Furukawa : Producer, Souji Miyagi : Producer, Hideo Momota : Producer, Youko Baba : Producer"
  },
  {
    "Rank": "3075",
    "Name": "How NOT to Summon a Demon Lord: Omega",
    "Japanese_name": " Isekai Maou to Shoukan Shoujo no Dorei Majutsu: Omega",
    "Type": "TV   ",
    "Episodes": "10.0",
    "Studio": "Tezuka Productions",
    "Release_season": "Spring",
    "Tags": "Action, Comedy, Ecchi, Fantasy, Harem, Shounen, Demon King, Demons, Isekai, Magic, Overpowered Main Characters, Person in a Strange World, RPG, Summoned Into Another World, Trapped in a Video Game, Based on a Light Novel, Explicit Sex,, Violence",
    "Rating": "3.66",
    "Release_year": "2021.0",
    "Description": "\u0027After being summoned to another world similar to the game he used to play, Diablo lives a tumultuous life in this new world after he finds himself the unwitting master of Rem the Pantherian and Shera the Elf; and now, even the Demon Lord-turned-young-girl Klem obeys him! One day, Diablo ends up rescuing a holy woman who was being pursued by a Paladin, and she turns out to be the most important person in the Church. Befriending her, Diablo and the others act as her escorts until they reach Zircon Tower deep in the Demon Lord�s territory. After arriving in a new town, more difficulties arise, ultimately culminating in the appearance of a gargantuan monster attacking them! Is the self-proclaimed Demon Lord becoming a guardian deity for a follower of the Gods!?\u0027",
    "Content_Warning": "Explicit Sex,, Violence",
    "Related_Mange": "How NOT to Summon a Demon Lord (Light Novel), How NOT to Summon a Demon Lord",
    "Related_anime": "How NOT to Summon a Demon Lord, How NOT to Summon a Demon Lord: Omega Mini Anime",
    "Voice_actors": "Diablo : Masaaki Mizunaka, Horn : Fumiko Uchimura, Lumachina Weselia : Miku Itou, Rem Galeu : Azumi Waki, Shera L. Greenwood : Yuu Serizawa, Fanis Laminitus : Chinatsu Akasaki, Gewalt : Kazuyuki Okitsu, Rose : Aoi Koga, Satoshi Kuwabara\nDirector, Yusuke Kato\nMusic, Yousuke Yamashita\nMusic, Shizue Kaneko\nCharacter Design, Makoto Furukawa\nProducer, Souji Miyagi\nProducer, Hideo Momota\nProducer, Yuuya Yoshida\nProducer",
    "staff": "Satoshi Kuwabara : Director, Yusuke Kato : Music, Yousuke Yamashita : Music, Shizue Kaneko : Character Design, Makoto Furukawa : Producer, Souji Miyagi : Producer, Hideo Momota : Producer, Yuuya Yoshida : Producer"
  }
]