[
  {
    "Rank": "28",
    "Name": "The Promised Neverland",
    "Japanese_name": " Yakusoku no Neverland",
    "Type": "TV   ",
    "Episodes": "12.0",
    "Studio": "CloverWorks",
    "Release_season": "Winter",
    "Tags": "Fantasy, Horror, Mystery, Sci Fi, Shounen, Dark Fantasy, Isolated Society, Mind Games, noitaminA, Orphans, Outside World, Psychological, Thriller, Based on a Manga, Mature Themes,, Domestic Abuse,, Self-Harm",
    "Rating": "4.45",
    "Release_year": "2019.0",
    "Description": "\u0027Emma, Norman, Ray, and many other \"siblings\" live at an isolated orphanage cut off from the outside world. They live a charmed life surrounded by friends and watched over by Mama, their caretaker, until they leave the house for a foster family by the age of twelve. The only rule is that they must never venture outside of the gate that isolates them from the rest of society, for dangers await. But one day, the children learn the true horror of what\\\u0027s in store for their short lives...\u0027",
    "Content_Warning": "Mature Themes,, Domestic Abuse,, Self-Harm",
    "Related_Mange": "The Promised Neverland, The Promised Neverland: Norman Kara no Tegami (Light Novel), The Promised Neverland: Mama-tachi no Tsuisoukyoku (Light Novel), Oyakusoku no Neverland, The Promised Neverland: Senyuu-tachi no Record (Light Novel), The Promised Neverland: Special Pilot Chapter - We Were Born",
    "Related_anime": "The Promised Neverland 2nd Season, The Promised Neverland 2nd Season: Tokubetsu Hen - Michishirube",
    "Voice_actors": "Emma : Sumire Morohoshi, Norman : Maaya Uchida, Ray : Mariya Ise, Don : Shinei Ueki, Gilda : Lynn, Isabella : Yuko Kaida, Krone : Nao Fujita, Alicia : Yoshino Aoyama, Kaiu Shirai\nOriginal Creator, Mamoru Kanbe\nDirector, Takahiro Obata\nMusic, Kazuaki Shimada\nCharacter Design, Tomoyuki Shiokawa\nPhotography Director, Shigemi Ikeda\nArt Director, Kazuko Nakashima\nColor Design, Kenta Suzuki\nProducer",
    "staff": "Kaiu Shirai : Original Creator, Mamoru Kanbe : Director, Takahiro Obata : Music, Kazuaki Shimada : Character Design, Tomoyuki Shiokawa : Photography Director, Shigemi Ikeda : Art Director, Kazuko Nakashima : Color Design, Kenta Suzuki : Producer"
  },
  {
    "Rank": "7261",
    "Name": "The Promised Neverland 2nd Season",
    "Japanese_name": " Yakusoku no Neverland 2nd Season",
    "Type": "TV   ",
    "Episodes": "11.0",
    "Studio": "CloverWorks",
    "Release_season": "Winter",
    "Tags": "Fantasy, Horror, Sci Fi, Shounen, Dark Fantasy, Demons, Isolated Society, Mind Games, noitaminA, Orphans, Outside World, Psychological, Survival, Thriller, Based on a Manga, Violence",
    "Rating": "3.38",
    "Release_year": "2021.0",
    "Description": "\u0027The older children of Grace Field have managed to escape from the demons trying to eat them and their treacherous caretaker, Isabella, but the outside world is very different from what they envisioned. Every day is a fight for survival as they strive to avoid being killed or recaptured, and the lines between friend and foe become blurred when they learn that not all demons are monsters. Following clues laid out for them by the mysterious William Minerva, Emma and company seek a safe haven for their family, but they only have two years to accomplish their goal before Phil and their youngest siblings back at the farm are shipped out and processed as demon food. In a world of secrets where not all humans can be trusted and not all demons are demonic, how can they be sure their choices are right, or that their actions will actually lead them to the salvation they seek?\u0027",
    "Content_Warning": "Violence",
    "Related_Mange": "The Promised Neverland, The Promised Neverland: Mama-tachi no Tsuisoukyoku (Light Novel), Oyakusoku no Neverland",
    "Related_anime": "The Promised Neverland, The Promised Neverland 2nd Season: Tokubetsu Hen - Michishirube, Baten Kaitos",
    "Voice_actors": "Emma : Sumire Morohoshi, Ray : Mariya Ise, Don : Shinei Ueki, Gilda : Lynn, Mujika : Atsumi Tanezaki, Norman : Maaya Uchida, Sonju : Shinichirou Kamio, Alicia : Yoshino Aoyama, Posuka Demizu\nOriginal Creator, Kaiu Shirai\nOriginal Creator \u0026 Series Composition, Mamoru Kanbe\nDirector, Toshiya Oono\nSeries Composition, Takahiro Obata\nMusic, Kazuaki Shimada\nCharacter Design \u0026 Chief Animation Director, Tomoyuki Shiokawa\nPhotography Director, Shigemi Ikeda\nArt Director",
    "staff": "Posuka Demizu : Original Creator, Kaiu Shirai : Original Creator \u0026 Series Composition, Mamoru Kanbe : Director, Toshiya Oono : Series Composition, Takahiro Obata : Music, Kazuaki Shimada : Character Design \u0026 Chief Animation Director, Tomoyuki Shiokawa : Photography Director, Shigemi Ikeda : Art Director"
  },
  {
    "Rank": "649",
    "Name": "DAKAICHI: I\u0027m being harassed by the sexiest man of the year",
    "Japanese_name": " Dakaretai Otoko Ichii ni Odosarete Imasu.",
    "Type": "TV   ",
    "Episodes": "13.0",
    "Studio": "CloverWorks",
    "Release_season": "Fall ",
    "Tags": "BL, Romance, Yaoi, Acting, Adult Couples, Blackmail, Mature Romance, Showbiz, Based on a Manga, Sexual Content",
    "Rating": "4.07",
    "Release_year": "2018.0",
    "Description": "\u0027Takato Saijyo has reigned as the idol industry\\\u0027s \"Most Huggable\" for five years, that is, until freshman actor Junta Azumaya. Takato was always considered brusque while Azumaya\\\u0027s smile is winning over admirers by comparison. The whole fiasco drives Takuto to over indulge in alcohol and his actions catch the attention of the last person he wants to see. To his surprise, Azumaya uses this new info to blackmail Takuto for physical affection.\u0027",
    "Content_Warning": "Sexual Content",
    "Related_Mange": "Dakaichi: I\u0027m Being Harassed By the Sexiest Man of the Year",
    "Related_anime": "DAKAICHI: I\u0027m being harassed by the sexiest man of the year- Spain Arc",
    "Voice_actors": "Junta Azumaya : Yuuki Ono, Takato Saijyo : Hiroki Takahashi, Chihiro Ayagi : Takuya Satou, Jiro Hasegawa : Youji Ueda, Kazuomi Usaka : Kohsuke Toriumi, Romio Mitsudani : Kenjirou Tsuda, Ryou Narumiya : Yuuma Uchida, Takumi Sasaki : Satoshi Hino, Hashigo Sakurabi\nOriginal Creator, Naoyuki Tatsuwa\nDirector, Masaru Yokoyama\nMusic, Minako Shiba\nCharacter Design, Tomoyo Kamiji\nProducer, Narumi Odagiri\nProducer, Miho Kikoshi\nProducer, Yasushi Yoshida\nProducer",
    "staff": "Hashigo Sakurabi : Original Creator, Naoyuki Tatsuwa : Director, Masaru Yokoyama : Music, Minako Shiba : Character Design, Tomoyo Kamiji : Producer, Narumi Odagiri : Producer, Miho Kikoshi : Producer, Yasushi Yoshida : Producer"
  },
  {
    "Rank": "1053",
    "Name": "Fate/Grand Order: Absolute Demonic Front - Babylonia",
    "Japanese_name": " Fate/Grand Order: Zettai Majuu Sensen Babylonia",
    "Type": "TV   ",
    "Episodes": "21.0",
    "Studio": "CloverWorks",
    "Release_season": "Fall ",
    "Tags": "Action, Fantasy, Sci Fi, Gods, Greek Mythology, Magic, Person in a Strange World, Proxy Battles, Superpowers, Based on a Mobile Game, Violence",
    "Rating": "3.96",
    "Release_year": "2019.0",
    "Description": "\u00272017 AD. Researchers and scholars of both Magecraft and science have been gathered to maintain human civilization under the Chaldea Security Organization. But calculations then proved the extinction of humanity in 2019. The cause is \"realms that cannot be observed\" that suddenly appeared in various eras of history, called \"Singularities.\" Ritsuka Fujimaru, the one Master remaining in Chaldea, has been intervening within these Singularites, alongside the Demi-Servant Mash Kyrielight. He has been attending to the forbidden rituals to resolve or destroy the Singularities: the \"Grand Order.\"\u0027",
    "Content_Warning": "Violence",
    "Related_Mange": "Oshiete FGO! Ijin to Shinwa no Grand Order, Fate/Grand Order: Mortalis:Stella, Fate/Grand Order: Epic of Remnant - Ashu Tokuiten I - Akusei Kakusetsu Makyou Shinjuku - Shinjuku Genrei Jiken, Fate/Grand Order: Epic of Remnant IV - Itan Naru Salem, Fate/Grand Order: Epic of Remnant - Pseudo-Singularity III: The Stage of Carnage, Shimousa - Seven Duels of Swordmasters, Fate/Grand Order Duel: YA Tokuiten - Misshitsu Yuugi Makyou Shibuya - Shibuya Kettou Jiken, Fate/Grand Order: Epic of Remnant - Agartha no Onna, Fate/Grand Order: Epic of Remnant - Shinkai Dennou Rakudo SE.RA.PH, Fate/Grand Order: Eirei Shokubunroku",
    "Related_anime": "Fate/Grand Order: First Order, Fate/Grand Order: Moonlight/Lostroom, Fate/Grand Order: Absolute Demonic Front - Babylonia - Initium Iter, Fate/Grand Order: Absolute Demonic Front - Babylonia Recaps, Fate/Grand Carnival, Fate/Grand Order Final Singularity: Grand Temple of Time - Solomon",
    "Voice_actors": "Mash Kyrielight : Rie Takahashi, Ritsuka Fujimaru : Nobunaga Shimazaki, Ana : Yuu Asakawa, Archer : Kana Ueda, Avenger : Yuu Asakawa, Caster : Tomokazu Seki, Enkidu : Yuu Kobayashi, Fou : Ayako Kawasumi, Toshifumi Akai\nDirector, Ryou Kawasaki\nMusic, Keita Haga\nMusic, Tomoaki Takase\nCharacter Design, Yuuya Sakuma\nPhotography Director, Kazuko Nakashima\nColor Design, Yoshikazu Iwanami\nSound Director, Yuuta Yamazaki\nEpisode Director \u0026 Storyboard",
    "staff": "Toshifumi Akai : Director, Ryou Kawasaki : Music, Keita Haga : Music, Tomoaki Takase : Character Design, Yuuya Sakuma : Photography Director, Kazuko Nakashima : Color Design, Yoshikazu Iwanami : Sound Director, Yuuta Yamazaki : Episode Director \u0026 Storyboard"
  }
]