[
  {
    "Rank": "2489",
    "Name": "Laughing Under the Clouds",
    "Japanese_name": " Donten ni Warau",
    "Type": "TV   ",
    "Episodes": "12.0",
    "Studio": "Doga Kobo",
    "Release_season": "Fall ",
    "Tags": "Action, Shoujo, 19th Century, Feudal Japan, Historical, Japanese Mythology, Ninja, Samurai, Supernatural, Swordplay, Based on a Manga, Violence",
    "Rating": "3.73",
    "Release_year": "2014.0",
    "Description": "\u0027When swords were outlawed in the eleventh year of the Meiji era, the mighty samurai population began to dwindle. Those who rejected the ban on blades rebelled, causing violent unrest to erupt throughout the countryside. To combat the rise in criminal activity, an inescapable lake prison was constructed. Three young men, born of the Kumo line, were given the duty of delivering criminals to their place of confinement � but could there be more to their mission than meets the eye?\u0027",
    "Content_Warning": "Violence",
    "Related_Mange": "Laughing Under the Clouds, Laughing in Purgatory, Laughing Under the Clouds Gaiden, Yamainu no Zangyou ni Warau",
    "Related_anime": "Laughing Under the Clouds Gaiden: Movie 1, Laughing Under the Clouds x Mameshiba, Laughing Under the Clouds Gaiden: Movie 2, Laughing Under the Clouds Gaiden: Movie 3",
    "Voice_actors": "Chuutarou Kumoh : Tsubasa Yonaga, Soramaru Kumoh : Yuuki Kaji, Tenka Kumoh : Yuuichi Nakamura, Abe No Sousei : Kohsuke Toriumi, Botan : Rina Satou, Fox-Masked Man : Kouji Yusa, Naoto Kagami : Shinichirou Miki, Orochi, Kemuri Karakara\nOriginal Creator, Hiroshi Haraguchi\nDirector, Yuya Takahashi\nScreenplay \u0026 Series Composition, Shuuichirou Fukuhiro\nMusic, Takao Maki\nCharacter Design, Toshio Nakatani\nProducer, Tomoaki Watanabe\nProducer, Shunsuke Hosoi\nProducer",
    "staff": "Kemuri Karakara : Original Creator, Hiroshi Haraguchi : Director, Yuya Takahashi : Screenplay \u0026 Series Composition, Shuuichirou Fukuhiro : Music, Takao Maki : Character Design, Toshio Nakatani : Producer, Tomoaki Watanabe : Producer, Shunsuke Hosoi : Producer"
  },
  {
    "Rank": "5922",
    "Name": "Sengoku Basara: End of Judgement",
    "Japanese_name": " Sengoku Basara: Judge End",
    "Type": "TV   ",
    "Episodes": "12.0",
    "Studio": "Telecom Animation Film",
    "Release_season": "Summer",
    "Tags": "Action, Feudal Japan, Historical, Samurai, Swordplay, Based on a Video Game, Violence",
    "Rating": "3.45",
    "Release_year": "2014.0",
    "Description": "\"During the turbulent period of warring states, numerous feudal lords sought to rule the land of the rising sun. With Nobunaga defeated, Hideyoshi lead a brutal campaign to wipe out the remaining combatants. His ambitions were crushed, however, when he was betrayed by the idealistic Tokugawa Ieyasu. Ieyasu\u0027s rebellion marked the start of a new conflict that would put old and new alliances to the test as Hideyoshi\u0027s loyal followers began plotting their revenge, and the other remaining lords prepared their armies for the showdown at Sekigahara.\"",
    "Content_Warning": "Violence",
    "Related_Mange": "Sengoku Basara 2, Devil Kings Basara, Sengoku Basara 3 - Roar of Dragon",
    "Related_anime": "Mini Sengoku Basara: Chousokabe-kun to Mouri-kun, Sengoku Basara: Samurai Kings, Sengoku Basara: Samurai Kings - Clash in the Inland Sea of Seto! Fugaku, the Great Fire-Belching Fortress of the Sea!, Mini Sengoku Basara Two: Tsukiyo no Katakura-kun, Sengoku Basara: Samurai Kings 2, Sengoku Basara: Samurai Kings 2 - Dragon and Tiger -- Oath of Victory! Souls Racing Towards a Blazing Future!!, Sengoku Basara Movie: 4-Koma Gekijou - Another Last Party, Sengoku Basara: Samurai Kings Movie - The Last Party",
    "Voice_actors": "Ieyasu Tokugawa : Tooru Ookawa, Masamune Date : Kazuya Nakai, Mitsunari Ishida : Tomokazu Seki, Yukimura Sanada : Souichirou Hoshi, Hanbei Takenaka : Akira Ishida, Hideaki Kobayakawa : Jun Fukuyama, Hideyoshi Toyotomi : Ryotaro Okiayu, Kanbei Kuroda : Rikiya Koyama, Takashi Sano\nDirector, Masahiro Tokuda\nMusic, Michinori Chiba\nCharacter Design, Yoshikazu Iwanami\nSound Director, Toshio Nakatani\nProducer, Atsushi Kirimoto\nProducer, Ai Morikawa\nProducer, Kouhei Itou\nProducer",
    "staff": "Takashi Sano : Director, Masahiro Tokuda : Music, Michinori Chiba : Character Design, Yoshikazu Iwanami : Sound Director, Toshio Nakatani : Producer, Atsushi Kirimoto : Producer, Ai Morikawa : Producer, Kouhei Itou : Producer"
  }
]