[
  {
    "Rank": "9515",
    "Name": "The Qwaser of Stigmata II",
    "Japanese_name": " Seikon no Qwaser II",
    "Type": "TV   ",
    "Episodes": "12.0",
    "Studio": "Hoods Entertainment",
    "Release_season": "Spring",
    "Tags": "Action, Ecchi, Shounen, All-Girls School, Borderline H, Fetish, Panty Shots, Supernatural, Superpowers, Based on a Manga, Explicit Sex,, Violence",
    "Rating": "3.26",
    "Release_year": "2011.0",
    "Description": "\u0027No sooner has the matter of the Sword of Maria been resolved when word comes of a NEW ancient artifact: the Magdalene of Thunder! Now Sasha will have to go deep undercover as a female student at the all-girls� Seirei Academy if he wants to discover the identity of the holder of this legendary item. But when another Qwaser also comes searching for the Magdalene, Sasha will have his hands full juggling class and his newly assigned Maria, Hana!\u0027",
    "Content_Warning": "Explicit Sex,, Violence",
    "Related_Mange": "The Qwaser of Stigmata",
    "Related_anime": "The Qwaser Of Stigmata, The Qwaser Of Stigmata Picture Drama, The Qwaser of Stigmata: Portrait of the Empress, The Qwaser of Stigmata II Picture Drama",
    "Voice_actors": "Aleksander Nikolaevich Hell : Yuuko Sanpei, Mafuyu Oribe : Ayumi Fujimura, Ayame Satsuki : Yuiko Tatsumi, Ekaterina Kurae : Aya Hirano, Fumika Mitarai : Kana Hanazawa, Hana Katsuragi : Youko Hikasa, Jita Phrygianos : Fuyuka Ooura, Miyuki Seta : Harumi Sakurai, Hiroyuki Yoshino\nOriginal Creator, Hiraku Kaneko\nDirector, Tatsuya Katou\nMusic, Isao Sugimoto\nCharacter Design, Koujirou Hayashi\nPhotography Director, Masahito Otani\nEpisode Director, Touko Machida\nScreenplay",
    "staff": "Hiroyuki Yoshino : Original Creator, Hiraku Kaneko : Director, Tatsuya Katou : Music, Isao Sugimoto : Character Design, Koujirou Hayashi : Photography Director, Masahito Otani : Episode Director, Touko Machida : Screenplay"
  },
  {
    "Rank": "11204",
    "Name": "The Qwaser Of Stigmata",
    "Japanese_name": " Seikon no Qwaser",
    "Type": "TV   ",
    "Episodes": "24.0",
    "Studio": "Hoods Entertainment",
    "Release_season": "Winter",
    "Tags": "Action, Ecchi, Shounen, Borderline H, Fetish, Panty Shots, Russia, Supernatural, Superpowers, Based on a Manga, Explicit Sex,, Mature Themes,, Physical Abuse,, Sexual Abuse",
    "Rating": "3.15",
    "Release_year": "2010.0",
    "Description": "At St. Mihailov Academy, strange things are happening. Not only did the dean disappear, leaving his daughter Tomo and adopted daughter Mafuyu alone, but girls in the nearby city are being killed by an unknown foe. However, the blades begin to fly when a Russian boy named Sasha arrives. He is a Qwaser, a person able to manipulate the elements after ingesting Soma, breast milk, and he�s not the only one. Soon Tomo and Mafuyu find themselves in the middle of a battle between two groups of Qwasers whose goal is to protect or steal the Theotokos of Tsarytsin. With more allies and enemies arriving, who will survive the assault?",
    "Content_Warning": "Explicit Sex,, Mature Themes,, Physical Abuse,, Sexual Abuse",
    "Related_Mange": "The Qwaser of Stigmata",
    "Related_anime": "The Qwaser Of Stigmata Picture Drama, The Qwaser of Stigmata: Portrait of the Empress, The Qwaser of Stigmata II, The Qwaser of Stigmata II Picture Drama",
    "Voice_actors": "Aleksander Nikolaevich Hell : Yuuko Sanpei, Mafuyu Oribe : Ayumi Fujimura, Tomo Yamanobe : Aki Toyosaki, Ekaterina Kurae : Aya Hirano, Fool : Masayuki Katou, Fumika Mitarai : Kana Hanazawa, Hana Katsuragi : Youko Hikasa, Lizzie : Ai Shimizu, Hiroyuki Yoshino\nOriginal Creator, Hiraku Kaneko\nDirector, Tatsuya Katou\nMusic, Makoto Uno\nCharacter Design, Koujirou Hayashi\nPhotography Director, Takao Asaga\nProducer, Masaru Nagai\nProducer, Hiroyuki Birukawa\nProducer",
    "staff": "Hiroyuki Yoshino : Original Creator, Hiraku Kaneko : Director, Tatsuya Katou : Music, Makoto Uno : Character Design, Koujirou Hayashi : Photography Director, Takao Asaga : Producer, Masaru Nagai : Producer, Hiroyuki Birukawa : Producer"
  }
]